"Symbol: YRU20",,,,,,,"Study: VOL",
"Date Time","Symbol","Open","High","Low","Close","Change","Volume","Open Interest"
2016-09-21,YRZ16,97.296875,97.3125,97.25,97.2578125,0,3261,24922
2016-09-22,YRZ16,97.328125,97.3515625,97.328125,97.3515625,0.09375,834,25268
2016-09-23,YRZ16,97.3515625,97.40625,97.3515625,97.40625,0.0546875,3276,23843
2016-09-26,YRZ16,97.4140625,97.4296875,97.40625,97.421875,0.015625,1869,23420
2016-09-27,YRZ16,97.4375,97.4375,97.40625,97.40625,-0.015625,402,23417
2016-09-28,YRZ16,97.4609375,97.4609375,97.4375,97.4453125,0.0390625,3501,23314
2016-09-29,YRZ16,97.421875,97.4453125,97.421875,97.4375,-0.0078125,2124,23183
2016-09-30,YRZ16,97.4765625,97.515625,97.4765625,97.515625,0.078125,,23083
2016-10-03,YRZ16,97.4375,97.4375,97.4375,97.4375,-0.078125,1905,23410
2016-10-04,YRZ16,97.390625,97.3984375,97.3515625,97.3984375,-0.0390625,10450,28849
2016-10-05,YRZ16,97.34375,97.3515625,97.328125,97.3359375,-0.0625,1840,29941
2016-10-06,YRZ16,97.328125,97.328125,97.2734375,97.2734375,-0.0625,1724,30879
2016-10-07,YRZ16,97.25,97.2734375,97.25,97.2578125,-0.015625,626,31098
2016-10-10,YRZ16,97.25,97.2578125,97.2421875,97.25,-0.0078125,3871,31461
2016-10-11,YRZ16,97.2109375,97.2109375,97.1875,97.203125,-0.046875,6957,30884
2016-10-12,YRZ16,97.1953125,97.21875,97.1640625,97.1640625,-0.0390625,6542,31144
2016-10-13,YRZ16,97.1640625,97.234375,97.1640625,97.21875,0.0546875,1490,31602
2016-10-14,YRZ16,97.25,97.2578125,97.1953125,97.203125,-0.015625,1180,30926
2016-10-17,YRZ16,97.1875,97.1875,97.1484375,97.1484375,-0.0546875,4327,30104
2016-10-18,YRZ16,97.15625,97.171875,97.09375,97.1171875,-0.03125,1693,30403
2016-10-19,YRZ16,97.140625,97.1484375,97.140625,97.1484375,0.03125,1010,30328
2016-10-20,YRZ16,97.1171875,97.15625,97.1015625,97.15625,0.0078125,1833,31313
2016-10-21,YRZ16,97.15625,97.171875,97.15625,97.171875,0.015625,1407,32323
2016-10-24,YRZ16,97.1640625,97.21875,97.1640625,97.21875,0.046875,1696,31368
2016-10-25,YRZ16,97.2109375,97.2265625,97.1796875,97.1875,-0.03125,2166,31663
2016-10-26,YRZ16,97.171875,97.21875,97.171875,97.203125,0.015625,426,31498
2016-10-27,YRZ16,97.171875,97.171875,97.1328125,97.1328125,-0.0703125,1197,31643
2016-10-28,YRZ16,97.078125,97.09375,97.078125,97.078125,-0.0546875,1665,32161
2016-10-31,YRZ16,97.109375,97.109375,97.1015625,97.109375,0.03125,947,31792
2016-11-01,YRZ16,97.1171875,97.1171875,97.0703125,97.0703125,-0.0390625,1540,32206
2016-11-02,YRZ16,97.1015625,97.1171875,97.09375,97.109375,0.0390625,1117,32688
2016-11-03,YRZ16,97.1171875,97.15625,97.1171875,97.15625,0.046875,796,32776
2016-11-04,YRZ16,97.1171875,97.125,97.1015625,97.125,-0.03125,912,32907
2016-11-07,YRZ16,97.09375,97.1015625,97.09375,97.09375,-0.03125,2147,33307
2016-11-08,YRZ16,97.1015625,97.1015625,97.0859375,97.09375,0,1369,33288
2016-11-09,YRZ16,97.09375,97.21875,97.09375,97.2109375,0.1171875,1680,33453
2016-11-10,YRZ16,96.8984375,96.9375,96.875,96.890625,-0.3203125,1512,33779
2016-11-11,YRZ16,96.8125,96.8125,96.78125,96.796875,-0.09375,248,33882
2016-11-14,YRZ16,96.7265625,96.7265625,96.6875,96.6875,-0.109375,3037,36216
2016-11-15,YRZ16,96.6875,96.6875,96.6171875,96.671875,-0.015625,2239,35719
2016-11-16,YRZ16,96.6875,96.75,96.6875,96.75,0.078125,2043,34789
2016-11-17,YRZ16,96.6796875,96.84375,96.6796875,96.84375,0.09375,5027,36290
2016-11-18,YRZ16,96.84375,96.84375,96.6796875,96.6875,-0.15625,1650,35763
2016-11-21,YRZ16,96.71875,96.7265625,96.71875,96.7265625,0.0390625,1832,35313
2016-11-22,YRZ16,96.7265625,96.796875,96.7265625,96.7578125,0.03125,4691,34204
2016-11-23,YRZ16,96.7421875,96.7421875,96.7265625,96.734375,-0.0234375,575,34402
2016-11-24,YRZ16,96.6953125,96.6953125,96.6640625,96.671875,-0.0625,1567,35093
2016-11-25,YRZ16,96.671875,96.671875,96.671875,96.671875,0,230,35028
2016-11-28,YRZ16,96.734375,96.734375,96.7265625,96.7265625,0.0546875,3650,32786
2016-11-29,YRZ16,96.7578125,96.7578125,96.703125,96.703125,-0.0234375,707,32434
2016-11-30,YRZ16,96.71875,96.71875,96.6875,96.6875,-0.015625,290,32434
2016-12-01,YRZ16,96.6171875,96.625,96.6171875,96.625,-0.0625,1758,32332
2016-12-02,YRZ16,96.53125,96.546875,96.53125,96.53125,-0.09375,6582,31015
2016-12-05,YRZ16,96.578125,96.578125,96.5546875,96.5625,0.03125,584,31095
2016-12-06,YRZ16,96.5078125,96.546875,96.5078125,96.53125,-0.03125,365,30873
2016-12-07,YRZ16,96.5625,96.5703125,96.5625,96.5703125,0.0390625,1174,31396
2016-12-08,YRZ16,96.5078125,96.640625,96.5078125,96.640625,0.0703125,11552,35758
2016-12-09,YRZ16,96.546875,96.5625,96.515625,96.5390625,-0.1015625,21265,32675
2016-12-12,YRZ16,96.46875,96.5,96.46875,96.4921875,-0.046875,9491,32950
2016-12-13,YRH17,96.4609375,96.5,96.4609375,96.5,0.0078125,16031,31645
2016-12-14,YRH17,96.546875,96.5546875,96.5390625,96.5390625,0.0390625,5678,30594
2016-12-15,YRH17,96.5625,96.5625,96.390625,96.421875,-0.1171875,957,25590
2016-12-16,YRH17,96.4140625,96.46875,96.40625,96.46875,0.046875,319,24469
2016-12-19,YRH17,96.40625,96.421875,96.3984375,96.421875,-0.046875,218,24291
2016-12-20,YRH17,96.484375,96.4921875,96.4375,96.453125,0.03125,78,24271
2016-12-21,YRH17,96.453125,96.4765625,96.453125,96.4765625,0.0234375,271,24204
2016-12-22,YRH17,96.46875,96.4765625,96.46875,96.4765625,0,18,24076
2016-12-23,YRH17,96.4375,96.453125,96.4375,96.4453125,-0.03125,80,24026
2016-12-28,YRH17,96.4453125,96.4765625,96.4453125,96.4765625,0.03125,114,24033
2016-12-29,YRH17,96.5390625,96.5546875,96.53125,96.5390625,0.0625,120,24033
2016-12-30,YRH17,96.5625,96.5625,96.53125,96.5546875,0.015625,1,24033
2017-01-03,YRH17,96.578125,96.578125,96.578125,96.578125,0.0234375,125,24112
2017-01-04,YRH17,96.5234375,96.5234375,96.5234375,96.5234375,-0.0546875,529,24504
2017-01-05,YRH17,96.578125,96.578125,96.578125,96.578125,0.0546875,976,23809
2017-01-06,YRH17,96.6328125,96.6484375,96.6328125,96.6484375,0.0703125,67,23665
2017-01-09,YRH17,96.578125,96.578125,96.5703125,96.578125,-0.0703125,569,23963
2017-01-10,YRH17,96.625,96.6328125,96.625,96.625,0.046875,136,23768
2017-01-11,YRH17,96.6015625,96.6015625,96.59375,96.6015625,-0.0234375,227,23659
2017-01-12,YRH17,96.6015625,96.671875,96.6015625,96.671875,0.0703125,360,23577
2017-01-13,YRH17,96.6640625,96.6640625,96.6484375,96.6484375,-0.0234375,1656,23774
2017-01-16,YRH17,96.6171875,96.640625,96.6171875,96.640625,-0.0078125,92,23670
2017-01-17,YRH17,96.6328125,96.640625,96.6328125,96.640625,0,624,24132
2017-01-18,YRH17,96.6484375,96.6484375,96.6484375,96.6484375,0.0078125,295,24327
2017-01-19,YRH17,96.5390625,96.5625,96.5390625,96.5625,-0.0859375,2978,24287
2017-01-20,YRH17,96.5234375,96.546875,96.5234375,96.546875,-0.015625,243,24248
2017-01-23,YRH17,96.5625,96.578125,96.5625,96.5703125,0.0234375,650,24511
2017-01-24,YRH17,96.6015625,96.6328125,96.6015625,96.6328125,0.0625,2439,24234
2017-01-25,YRH17,96.5859375,96.5859375,96.5859375,96.5859375,-0.046875,,24000
2017-01-26,YRH17,96.546875,96.546875,96.546875,96.546875,-0.0390625,299,24192
2017-01-27,YRH17,96.53125,96.5390625,96.53125,96.5390625,-0.0078125,512,24087
2017-01-30,YRH17,96.578125,96.5859375,96.578125,96.5859375,0.046875,785,23801
2017-01-31,YRH17,96.5859375,96.6015625,96.5859375,96.59375,0.0078125,511,23826
2017-02-01,YRH17,96.5703125,96.578125,96.5703125,96.578125,-0.015625,1448,24244
2017-02-02,YRH17,96.5625,96.5625,96.5234375,96.5390625,-0.0390625,295,24302
2017-02-03,YRH17,96.5390625,96.5390625,96.5234375,96.5234375,-0.015625,994,24162
2017-02-06,YRH17,96.484375,96.546875,96.4765625,96.546875,0.0234375,5269,23775
2017-02-07,YRH17,96.640625,96.640625,96.6328125,96.6328125,0.0859375,1603,24378
2017-02-08,YRH17,96.640625,96.640625,96.6328125,96.6328125,0,1183,24772
2017-02-09,YRH17,96.6484375,96.703125,96.6484375,96.703125,0.0703125,722,24242
2017-02-10,YRH17,96.6484375,96.65625,96.6484375,96.65625,-0.046875,520,24452
2017-02-13,YRH17,96.6328125,96.640625,96.6328125,96.640625,-0.015625,1496,24668
2017-02-14,YRH17,96.6171875,96.6171875,96.6015625,96.6171875,-0.0234375,1463,24450
2017-02-15,YRH17,96.578125,96.578125,96.5625,96.5703125,-0.046875,230,24313
2017-02-16,YRH17,96.546875,96.5625,96.546875,96.5625,-0.0078125,217,24491
2017-02-17,YRH17,96.546875,96.546875,96.546875,96.546875,-0.015625,2649,25099
2017-02-20,YRH17,96.5625,96.5703125,96.5625,96.5703125,0.0234375,1384,24526
2017-02-21,YRH17,96.546875,96.5546875,96.546875,96.5546875,-0.015625,240,24544
2017-02-22,YRH17,96.546875,96.546875,96.5078125,96.515625,-0.0390625,2872,22782
2017-02-23,YRH17,96.546875,96.578125,96.546875,96.578125,0.0625,479,23014
2017-02-24,YRH17,96.6328125,96.640625,96.6328125,96.6328125,0.0546875,105,23119
2017-02-27,YRH17,96.671875,96.671875,96.6484375,96.6484375,0.015625,119,23186
2017-02-28,YRH17,96.640625,96.6484375,96.640625,96.6484375,0,787,23303
2017-03-01,YRH17,96.609375,96.609375,96.5625,96.5703125,-0.078125,2305,23173
2017-03-02,YRH17,96.578125,96.59375,96.578125,96.59375,0.0234375,408,23412
2017-03-03,YRH17,96.5546875,96.578125,96.5546875,96.5703125,-0.0234375,1105,23431
2017-03-06,YRH17,96.53125,96.5859375,96.53125,96.5859375,0.015625,1510,24049
2017-03-07,YRH17,96.578125,96.578125,96.5703125,96.5703125,-0.015625,1833,23838
2017-03-08,YRH17,96.53125,96.546875,96.53125,96.53125,-0.0390625,8168,24602
2017-03-09,YRH17,96.484375,96.484375,96.46875,96.46875,-0.0625,22927,27019
2017-03-10,YRH17,96.4453125,96.453125,96.4375,96.4375,-0.03125,5699,27805
2017-03-13,YRM17,96.4609375,96.46875,96.4609375,96.46875,0.03125,5929,29720
2017-03-14,YRM17,96.484375,96.484375,96.4765625,96.4765625,0.0078125,2414,26599
2017-03-15,YRM17,96.453125,96.4921875,96.453125,96.4921875,0.015625,208,20356
2017-03-16,YRM17,96.5625,96.6015625,96.5625,96.6015625,0.109375,13,20356
2017-03-17,YRM17,96.5546875,96.5546875,96.5546875,96.5546875,-0.046875,261,20516
2017-03-20,YRM17,96.5859375,96.6171875,96.5859375,96.6015625,0.046875,665,20099
2017-03-21,YRM17,96.6015625,96.6015625,96.59375,96.6015625,0,440,20363
2017-03-22,YRM17,96.6484375,96.6640625,96.6484375,96.65625,0.0546875,1010,20218
2017-03-23,YRM17,96.6640625,96.6640625,96.640625,96.6484375,-0.0078125,560,20278
2017-03-24,YRM17,96.6328125,96.6328125,96.6171875,96.6328125,-0.015625,1640,20649
2017-03-27,YRM17,96.671875,96.703125,96.671875,96.6875,0.0546875,3022,20840
2017-03-28,YRM17,96.703125,96.71875,96.703125,96.71875,0.03125,490,21187
2017-03-29,YRM17,96.671875,96.6875,96.671875,96.6875,-0.03125,3470,20888
2017-03-30,YRM17,96.71875,96.71875,96.71875,96.71875,0.03125,1165,20130
2017-03-31,YRM17,96.71875,96.734375,96.7109375,96.7265625,0.0078125,126,20100
2017-04-03,YRM17,96.7421875,96.75,96.7421875,96.75,0.0234375,554,20126
2017-04-04,YRM17,96.828125,96.828125,96.8203125,96.828125,0.078125,827,20321
2017-04-05,YRM17,96.8125,96.8125,96.8046875,96.8046875,-0.0234375,1019,20150
2017-04-06,YRM17,96.828125,96.828125,96.8046875,96.8203125,0.015625,628,19814
2017-04-07,YRM17,96.8671875,96.8671875,96.828125,96.828125,0.0078125,508,20151
2017-04-10,YRM17,96.78125,96.8046875,96.78125,96.8046875,-0.0234375,395,20151
2017-04-11,YRM17,96.8515625,96.8515625,96.8515625,96.8515625,0.046875,960,20507
2017-04-12,YRM17,96.8671875,96.890625,96.8671875,96.8828125,0.03125,927,20038
2017-04-13,YRM17,96.8671875,96.9296875,96.8671875,96.9140625,0.03125,1340,20651
2017-04-18,YRM17,96.8984375,96.8984375,96.8984375,96.8984375,-0.015625,2658,22024
2017-04-19,YRM17,96.9296875,96.9453125,96.9296875,96.9375,0.0390625,2776,23080
2017-04-20,YRM17,96.8828125,96.8828125,96.8828125,96.8828125,-0.0546875,320,22725
2017-04-21,YRM17,96.84375,96.8515625,96.84375,96.84375,-0.0390625,195,22660
2017-04-24,YRM17,96.796875,96.796875,96.796875,96.796875,-0.046875,1139,23293
2017-04-26,YRM17,96.7578125,96.78125,96.7578125,96.7734375,-0.0234375,520,23395
2017-04-27,YRM17,96.8046875,96.8046875,96.78125,96.78125,0.0078125,408,23265
2017-04-28,YRM17,96.8125,96.828125,96.8125,96.828125,0.046875,1429,23779
2017-05-01,YRM17,96.84375,96.84375,96.8046875,96.8125,-0.015625,423,23918
2017-05-02,YRM17,96.7734375,96.796875,96.7578125,96.78125,-0.03125,325,23788
2017-05-03,YRM17,96.796875,96.796875,96.796875,96.796875,0.015625,860,24648
2017-05-04,YRM17,96.7578125,96.7578125,96.7421875,96.7421875,-0.0546875,860,24524
2017-05-05,YRM17,96.7265625,96.7421875,96.71875,96.7421875,0,380,24501
2017-05-08,YRM17,96.71875,96.71875,96.71875,96.71875,-0.0234375,403,24833
2017-05-09,YRM17,96.6953125,96.703125,96.6953125,96.703125,-0.015625,886,24737
2017-05-10,YRM17,96.703125,96.734375,96.703125,96.734375,0.03125,347,24702
2017-05-11,YRM17,96.71875,96.7421875,96.71875,96.7421875,0.0078125,282,24561
2017-05-12,YRM17,96.7578125,96.7734375,96.7578125,96.7578125,0.015625,414,24845
2017-05-15,YRM17,96.8125,96.8125,96.8125,96.8125,0.0546875,333,24654
2017-05-16,YRM17,96.8125,96.8125,96.8125,96.8125,0,938,24677
2017-05-17,YRM17,96.84375,96.875,96.84375,96.8671875,0.0546875,1342,25415
2017-05-18,YRM17,96.9296875,96.9296875,96.8828125,96.8828125,0.015625,328,25332
2017-05-19,YRM17,96.8984375,96.9140625,96.8984375,96.90625,0.0234375,2157,26335
2017-05-22,YRM17,96.890625,96.8984375,96.890625,96.8984375,-0.0078125,494,26201
2017-05-23,YRM17,96.9375,96.9375,96.9375,96.9375,0.0390625,1070,26873
2017-05-24,YRM17,96.8984375,96.9140625,96.8984375,96.90625,-0.03125,3211,28353
2017-05-25,YRM17,96.9609375,96.9609375,96.953125,96.953125,0.046875,1736,28801
2017-05-26,YRM17,96.9921875,96.9921875,96.9765625,96.9765625,0.0234375,10911,28824
2017-05-29,YRM17,96.9921875,96.9921875,96.96875,96.984375,0.0078125,732,28857
2017-05-30,YRM17,97.0078125,97.0078125,97.0078125,97.0078125,0.0234375,1138,28561
2017-05-31,YRM17,97.015625,97.046875,97.015625,97.015625,0.0078125,819,28909
2017-06-01,YRM17,96.8515625,97.0625,96.8515625,97.0234375,0.0078125,2210,29166
2017-06-02,YRM17,97.0078125,97.0078125,96.9765625,96.984375,-0.0390625,101,27942
2017-06-05,YRM17,96.9921875,97.015625,96.9921875,97.015625,0.03125,279,27942
2017-06-06,YRM17,97.0078125,97.0390625,97.0078125,97.0390625,0.0234375,2030,28991
2017-06-07,YRM17,97.03125,97.03125,97.03125,97.03125,-0.0078125,339,28042
2017-06-08,YRM17,97.0078125,97.015625,96.9921875,97.0078125,-0.0234375,10976,27887
2017-06-09,YRM17,96.9921875,97.015625,96.9921875,97.0078125,0,11194,24027
2017-06-13,YRU17,96.9296875,96.9609375,96.9296875,96.9609375,-0.046875,10411,23754
2017-06-14,YRU17,96.953125,96.953125,96.953125,96.953125,-0.0078125,3592,21340
2017-06-15,YRU17,97.046875,97.046875,97.0078125,97.0078125,0.0546875,804,19764
2017-06-16,YRU17,96.9765625,96.9765625,96.9609375,96.96875,-0.0390625,195,19790
2017-06-19,YRU17,96.953125,96.96875,96.953125,96.96875,0,516,20053
2017-06-20,YRU17,96.9375,96.953125,96.9375,96.953125,-0.015625,444,20027
2017-06-21,YRU17,96.96875,96.984375,96.96875,96.9765625,0.0234375,478,20440
2017-06-22,YRU17,97,97.0078125,97,97.0078125,0.03125,1559,21024
2017-06-23,YRU17,97.0078125,97.0078125,97.0078125,97.0078125,0,2331,23144
2017-06-26,YRU17,97.0234375,97.0234375,97.0078125,97.0078125,0,381,23236
2017-06-27,YRU17,97.03125,97.03125,97.0234375,97.03125,0.0234375,634,23255
2017-06-28,YRU17,96.9921875,96.9921875,96.9140625,96.921875,-0.109375,526,23664
2017-06-29,YRU17,96.8984375,96.8984375,96.875,96.875,-0.046875,1398,23959
2017-06-30,YRU17,96.8046875,96.8125,96.796875,96.796875,-0.078125,2697,24594
2017-07-03,YRU17,96.7578125,96.796875,96.7578125,96.796875,0,1055,25083
2017-07-04,YRU17,96.78125,96.8359375,96.78125,96.8359375,0.0390625,646,25151
2017-07-05,YRU17,96.8359375,96.8359375,96.796875,96.8125,-0.0234375,284,25151
2017-07-06,YRU17,96.796875,96.796875,96.796875,96.796875,-0.015625,234,25177
2017-07-07,YRU17,96.703125,96.703125,96.703125,96.703125,-0.09375,915,25403
2017-07-10,YRU17,96.6953125,96.703125,96.6953125,96.6953125,-0.0078125,5224,25113
2017-07-11,YRU17,96.6953125,96.703125,96.6875,96.6875,-0.0078125,4131,22977
2017-07-12,YRU17,96.703125,96.7109375,96.703125,96.7109375,0.0234375,571,22882
2017-07-13,YRU17,96.7421875,96.7421875,96.7421875,96.7421875,0.03125,1170,23207
2017-07-14,YRU17,96.7109375,96.7109375,96.6953125,96.7109375,-0.03125,832,23052
2017-07-17,YRU17,96.7109375,96.7109375,96.703125,96.703125,-0.0078125,930,23300
2017-07-18,YRU17,96.6796875,96.7421875,96.6796875,96.6875,-0.015625,781,23642
2017-07-19,YRU17,96.71875,96.71875,96.7109375,96.7109375,0.0234375,218,23609
2017-07-20,YRU17,96.703125,96.703125,96.703125,96.703125,-0.0078125,171,23610
2017-07-21,YRU17,96.6953125,96.734375,96.6953125,96.734375,0.03125,1546,24010
2017-07-24,YRU17,96.78125,96.78125,96.7578125,96.7578125,0.0234375,935,24220
2017-07-25,YRU17,96.734375,96.75,96.734375,96.75,-0.0078125,821,24885
2017-07-26,YRU17,96.6796875,96.703125,96.671875,96.703125,-0.046875,1542,24911
2017-07-27,YRU17,96.703125,96.7421875,96.703125,96.7421875,0.0390625,249,24833
2017-07-28,YRU17,96.7421875,96.7421875,96.7421875,96.7421875,0,2717,25298
2017-07-31,YRU17,96.75,96.7578125,96.75,96.7578125,0.015625,1413,24889
2017-08-01,YRU17,96.734375,96.734375,96.71875,96.71875,-0.0390625,893,25009
2017-08-02,YRU17,96.7421875,96.7421875,96.71875,96.7265625,0.0078125,291,25144
2017-08-03,YRU17,96.75,96.7734375,96.75,96.7734375,0.046875,1259,25118
2017-08-04,YRU17,96.7734375,96.828125,96.7734375,96.8203125,0.046875,130,24977
2017-08-07,YRU17,96.796875,96.796875,96.796875,96.796875,-0.0234375,486,25202
2017-08-08,YRU17,96.78125,96.8203125,96.78125,96.8203125,0.0234375,169,25298
2017-08-09,YRU17,96.8125,96.8125,96.8125,96.8125,-0.0078125,1070,25726
2017-08-10,YRU17,96.796875,96.796875,96.7890625,96.7890625,-0.0234375,130,25466
2017-08-11,YRU17,96.8515625,96.8515625,96.8515625,96.8515625,0.0625,113,25579
2017-08-14,YRU17,96.8515625,96.8515625,96.8359375,96.8359375,-0.015625,529,25693
2017-08-15,YRU17,96.8203125,96.8203125,96.796875,96.8046875,-0.03125,36,25729
2017-08-16,YRU17,96.78125,96.7890625,96.78125,96.7890625,-0.015625,226,25838
2017-08-17,YRU17,96.8046875,96.8203125,96.8046875,96.8125,0.0234375,513,26030
2017-08-18,YRU17,96.8046875,96.84375,96.8046875,96.8359375,0.0234375,547,26344
2017-08-21,YRU17,96.828125,96.828125,96.8203125,96.8203125,-0.015625,175,26319
2017-08-22,YRU17,96.828125,96.828125,96.8125,96.8203125,0,1270,25331
2017-08-23,YRU17,96.796875,96.796875,96.78125,96.78125,-0.0390625,793,25903
2017-08-24,YRU17,96.828125,96.8359375,96.828125,96.8359375,0.0546875,951,25862
2017-08-25,YRU17,96.828125,96.828125,96.8203125,96.8203125,-0.015625,,25862
2017-08-28,YRU17,96.796875,96.796875,96.796875,96.796875,-0.0234375,1095,26467
2017-08-29,YRU17,96.84375,96.8515625,96.8359375,96.84375,0.046875,8934,26060
2017-08-30,YRU17,96.8046875,96.8046875,96.7890625,96.7890625,-0.0546875,665,26002
2017-08-31,YRU17,96.7421875,96.75,96.734375,96.75,-0.0390625,668,25980
2017-09-01,YRU17,96.765625,96.8125,96.765625,96.8125,0.0625,3024,26939
2017-09-04,YRU17,96.8203125,96.84375,96.8203125,96.84375,0.03125,713,27293
2017-09-05,YRU17,96.828125,96.828125,96.796875,96.796875,-0.046875,1792,27242
2017-09-06,YRU17,96.8671875,96.875,96.8671875,96.8671875,0.0703125,126,27072
2017-09-07,YRU17,96.828125,96.828125,96.8203125,96.828125,-0.0390625,819,27042
2017-09-08,YRU17,96.9140625,96.9140625,96.890625,96.890625,0.0625,7749,28237
2017-09-11,YRZ17,96.84375,96.8515625,96.84375,96.8515625,-0.0390625,13804,29648
2017-09-12,YRZ17,96.8125,96.828125,96.8125,96.8125,-0.0390625,5276,28662
2017-09-13,YRZ17,96.8203125,96.8203125,96.78125,96.7890625,-0.0234375,5462,27974
2017-09-14,YRZ17,96.7578125,96.7578125,96.71875,96.734375,-0.0546875,1874,21701
2017-09-15,YRZ17,96.7421875,96.7421875,96.703125,96.71875,-0.015625,1202,21160
2017-09-18,YRZ17,96.671875,96.671875,96.65625,96.65625,-0.0625,691,21420
2017-09-19,YRZ17,96.65625,96.6640625,96.6484375,96.65625,0,893,21579
2017-09-20,YRZ17,96.6484375,96.6484375,96.6328125,96.640625,-0.015625,1010,21568
2017-09-21,YRZ17,96.6015625,96.6484375,96.6015625,96.6484375,0.0078125,460,21416
2017-09-22,YRZ17,96.65625,96.6875,96.65625,96.6875,0.0390625,1154,21837
2017-09-25,YRZ17,96.6796875,96.6875,96.6796875,96.6875,0,2548,22314
2017-09-26,YRZ17,96.6875,96.7265625,96.6875,96.71875,0.03125,1001,22798
2017-09-27,YRZ17,96.7109375,96.71875,96.703125,96.71875,0,2914,23026
2017-09-28,YRZ17,96.671875,96.671875,96.6328125,96.6328125,-0.0859375,607,22572
2017-09-29,YRZ17,96.65625,96.65625,96.6484375,96.6484375,0.015625,,22225
2017-10-02,YRZ17,96.6171875,96.6171875,96.6171875,96.6171875,-0.03125,372,22234
2017-10-03,YRZ17,96.6328125,96.6484375,96.6328125,96.6484375,0.03125,143,22352
2017-10-04,YRZ17,96.65625,96.6796875,96.65625,96.6796875,0.03125,309,22395
2017-10-05,YRZ17,96.6875,96.6875,96.6875,96.6875,0.0078125,956,22200
2017-10-06,YRZ17,96.6875,96.6875,96.65625,96.6640625,-0.0234375,200,22200
2017-10-09,YRZ17,96.65625,96.65625,96.65625,96.65625,-0.0078125,100,22209
2017-10-10,YRZ17,96.6484375,96.6484375,96.6484375,96.6484375,-0.0078125,720,22565
2017-10-11,YRZ17,96.6484375,96.65625,96.6484375,96.65625,0.0078125,722,22455
2017-10-12,YRZ17,96.65625,96.6796875,96.65625,96.6796875,0.0234375,617,22672
2017-10-13,YRZ17,96.703125,96.703125,96.6640625,96.671875,-0.0078125,1414,22159
2017-10-16,YRZ17,96.6953125,96.71875,96.6953125,96.71875,0.046875,4182,21927
2017-10-17,YRZ17,96.6875,96.71875,96.6875,96.71875,0,504,21811
2017-10-18,YRZ17,96.7421875,96.7578125,96.7421875,96.7578125,0.0390625,820,21963
2017-10-19,YRZ17,96.7265625,96.7421875,96.71875,96.71875,-0.0390625,965,22582
2017-10-20,YRZ17,96.71875,96.75,96.703125,96.703125,-0.015625,1479,22404
2017-10-23,YRZ17,96.6640625,96.6875,96.65625,96.6875,-0.015625,656,22451
2017-10-24,YRZ17,96.7109375,96.71875,96.7109375,96.71875,0.03125,663,22397
2017-10-25,YRZ17,96.671875,96.7265625,96.671875,96.7265625,0.0078125,537,22538
2017-10-26,YRZ17,96.703125,96.7265625,96.703125,96.7265625,0,4081,23678
2017-10-27,YRZ17,96.6953125,96.71875,96.6796875,96.703125,-0.0234375,2211,23650
2017-10-30,YRZ17,96.75,96.765625,96.75,96.7578125,0.0546875,1767,23614
2017-10-31,YRZ17,96.8046875,96.828125,96.8046875,96.828125,0.0703125,745,23535
2017-11-01,YRZ17,96.796875,96.796875,96.78125,96.78125,-0.046875,720,23707
2017-11-02,YRZ17,96.8359375,96.84375,96.828125,96.84375,0.0625,1596,23660
2017-11-03,YRZ17,96.8671875,96.9140625,96.8671875,96.9140625,0.0703125,1436,23832
2017-11-06,YRZ17,96.9140625,96.921875,96.90625,96.9140625,0,164,23490
2017-11-07,YRZ17,96.90625,96.90625,96.90625,96.90625,-0.0078125,414,23479
2017-11-08,YRZ17,96.921875,96.9296875,96.9140625,96.921875,0.015625,149,23628
2017-11-09,YRZ17,96.8984375,96.8984375,96.8984375,96.8984375,-0.0234375,230,23767
2017-11-10,YRZ17,96.8671875,96.8828125,96.8671875,96.875,-0.0234375,492,23533
2017-11-13,YRZ17,96.8671875,96.8671875,96.8671875,96.8671875,-0.0078125,282,23698
2017-11-14,YRZ17,96.859375,96.859375,96.828125,96.828125,-0.0390625,540,24002
2017-11-15,YRZ17,96.859375,96.8984375,96.8515625,96.8984375,0.0703125,284,23828
2017-11-16,YRZ17,96.9296875,96.9296875,96.8984375,96.8984375,0,1712,24496
2017-11-17,YRZ17,96.8984375,96.90625,96.8984375,96.90625,0.0078125,195,24496
2017-11-20,YRZ17,96.9296875,96.9375,96.9296875,96.9375,0.03125,315,24431
2017-11-21,YRZ17,96.9296875,96.9453125,96.9296875,96.9375,0,9553,24357
2017-11-22,YRZ17,96.953125,96.984375,96.953125,96.9765625,0.0390625,403,24292
2017-11-23,YRZ17,96.9921875,96.9921875,96.9921875,96.9921875,0.015625,217,24327
2017-11-24,YRZ17,97,97,97,97,0.0078125,,24236
2017-11-27,YRZ17,96.9765625,96.9765625,96.9765625,96.9765625,-0.0234375,,24236
2017-11-28,YRZ17,97,97,97,97,0.0234375,171,24236
2017-11-29,YRZ17,97.0078125,97.03125,97.0078125,97.03125,0.03125,930,24383
2017-11-30,YRZ17,96.984375,97,96.984375,97,-0.03125,451,24406
2017-12-01,YRZ17,96.96875,96.96875,96.96875,96.96875,-0.03125,53,24227
2017-12-04,YRZ17,97.0234375,97.0234375,96.953125,96.953125,-0.015625,686,24218
2017-12-05,YRZ17,96.9609375,96.96875,96.90625,96.90625,-0.046875,969,24084
2017-12-06,YRZ17,97.0078125,97.0078125,97.0078125,97.0078125,0.1015625,15,24084
2017-12-07,YRZ17,96.9921875,96.9921875,96.9921875,96.9921875,-0.015625,100,24034
2017-12-08,YRZ17,96.9765625,96.9765625,96.9765625,96.9765625,-0.015625,2106,24143
2017-12-11,YRH18,96.9296875,96.9296875,96.9296875,96.9296875,-0.046875,18400,25416
2017-12-12,YRH18,96.953125,96.9609375,96.953125,96.9609375,0.03125,9443,24885
2017-12-13,YRH18,96.9609375,96.9609375,96.9609375,96.9609375,0,9133,25300
2017-12-14,YRH18,96.96875,96.984375,96.921875,96.921875,-0.0390625,732,22504
2017-12-15,YRH18,96.9765625,96.9765625,96.9765625,96.9765625,0.0546875,1186,22784
2017-12-18,YRH18,96.9375,96.96875,96.9375,96.96875,-0.0078125,2693,24958
2017-12-19,YRH18,96.9375,96.9375,96.921875,96.921875,-0.046875,273,25150
2017-12-20,YRH18,96.859375,96.8671875,96.859375,96.8671875,-0.0546875,205,25032
2017-12-21,YRH18,96.84375,96.84375,96.828125,96.828125,-0.0390625,10,25042
2017-12-22,YRH18,96.78125,96.78125,96.78125,96.78125,-0.046875,,25042
2017-12-27,YRH18,96.7890625,96.7890625,96.7890625,96.7890625,0.0078125,235,25237
2017-12-28,YRH18,96.828125,96.828125,96.828125,96.828125,0.0390625,50,25287
2017-12-29,YRH18,96.8671875,96.8671875,96.8671875,96.8671875,0.0390625,65,25300
2018-01-02,YRH18,96.8515625,96.8515625,96.8515625,96.8515625,-0.015625,1071,25450
2018-01-03,YRH18,96.8046875,96.828125,96.8046875,96.828125,-0.0234375,180,24649
2018-01-04,YRH18,96.8515625,96.859375,96.8515625,96.859375,0.03125,,24649
2018-01-05,YRH18,96.8984375,96.8984375,96.8984375,96.8984375,0.0390625,79,24728
2018-01-08,YRH18,96.8984375,96.8984375,96.8984375,96.8984375,0,282,24854
2018-01-09,YRH18,96.8828125,96.8828125,96.875,96.875,-0.0234375,863,24962
2018-01-10,YRH18,96.8046875,96.828125,96.8046875,96.828125,-0.046875,154,25079
2018-01-11,YRH18,96.7734375,96.8125,96.7734375,96.8125,-0.015625,323,25259
2018-01-12,YRH18,96.796875,96.796875,96.7890625,96.796875,-0.015625,282,25302
2018-01-15,YRH18,96.7890625,96.796875,96.7890625,96.796875,0,1568,25254
2018-01-16,YRH18,96.7734375,96.78125,96.7734375,96.78125,-0.015625,208,25239
2018-01-17,YRH18,96.7734375,96.78125,96.7734375,96.78125,0,1389,25165
2018-01-18,YRH18,96.7734375,96.78125,96.7578125,96.78125,0,631,25685
2018-01-19,YRH18,96.7421875,96.7421875,96.71875,96.7265625,-0.0546875,559,25288
2018-01-22,YRH18,96.703125,96.7265625,96.703125,96.7265625,0,1045,24581
2018-01-23,YRH18,96.7421875,96.765625,96.7421875,96.765625,0.0390625,436,24640
2018-01-24,YRH18,96.796875,96.8046875,96.7734375,96.7734375,0.0078125,937,24234
2018-01-25,YRH18,96.7578125,96.7578125,96.734375,96.7421875,-0.03125,241,24410
2018-01-29,YRH18,96.734375,96.75,96.734375,96.7421875,0,1230,25157
2018-01-30,YRH18,96.7421875,96.7421875,96.7265625,96.734375,-0.0078125,1862,25497
2018-01-31,YRH18,96.7421875,96.796875,96.7265625,96.78125,0.046875,1443,25751
2018-02-01,YRH18,96.78125,96.8046875,96.78125,96.796875,0.015625,1818,25983
2018-02-02,YRH18,96.7734375,96.7734375,96.7421875,96.7734375,-0.0234375,3357,26359
2018-02-05,YRH18,96.703125,96.71875,96.65625,96.6640625,-0.109375,2676,27417
2018-02-06,YRH18,96.75,96.796875,96.7421875,96.7421875,0.078125,678,27533
2018-02-07,YRH18,96.703125,96.75,96.703125,96.7421875,0,698,27651
2018-02-08,YRH18,96.7265625,96.7265625,96.6953125,96.703125,-0.0390625,459,27746
2018-02-09,YRH18,96.703125,96.7265625,96.703125,96.71875,0.015625,1499,27599
2018-02-12,YRH18,96.6875,96.6875,96.6640625,96.6640625,-0.0546875,26,27495
2018-02-13,YRH18,96.6953125,96.6953125,96.6953125,96.6953125,0.03125,1271,27830
2018-02-14,YRH18,96.703125,96.734375,96.703125,96.734375,0.0390625,469,27994
2018-02-15,YRH18,96.640625,96.6875,96.640625,96.6640625,-0.0703125,735,28423
2018-02-16,YRH18,96.6640625,96.671875,96.65625,96.65625,-0.0078125,39,28462
2018-02-19,YRH18,96.65625,96.71875,96.65625,96.6953125,0.0390625,1418,29022
2018-02-20,YRH18,96.6875,96.703125,96.6796875,96.6875,-0.0078125,1293,28322
2018-02-21,YRH18,96.6953125,96.7265625,96.6953125,96.7265625,0.0390625,292,28346
2018-02-22,YRH18,96.6875,96.71875,96.6875,96.703125,-0.0234375,750,28550
2018-02-23,YRH18,96.7265625,96.7265625,96.71875,96.7265625,0.0234375,96,28490
2018-02-26,YRH18,96.78125,96.8125,96.78125,96.796875,0.0703125,1054,28290
2018-02-27,YRH18,96.8125,96.828125,96.8125,96.828125,0.03125,338,28310
2018-02-28,YRH18,96.796875,96.796875,96.7734375,96.78125,-0.046875,1527,28964
2018-03-01,YRH18,96.828125,96.8359375,96.828125,96.8359375,0.0546875,1602,29378
2018-03-02,YRH18,96.859375,96.859375,96.859375,96.859375,0.0234375,874,29201
2018-03-05,YRH18,96.84375,96.859375,96.84375,96.8515625,-0.0078125,729,29018
2018-03-06,YRH18,96.8203125,96.8203125,96.7890625,96.7890625,-0.0625,2639,29412
2018-03-07,YRH18,96.78125,96.8125,96.78125,96.8125,0.0234375,2281,28897
2018-03-08,YRH18,96.8046875,96.8046875,96.78125,96.796875,-0.015625,16985,30297
2018-03-09,YRH18,96.8203125,96.8203125,96.8203125,96.8203125,0.0234375,1275,28680
2018-03-12,YRM18,96.78125,96.78125,96.7734375,96.7734375,-0.046875,24299,30357
2018-03-13,YRM18,96.7578125,96.7890625,96.7578125,96.78125,0.0078125,4430,27384
2018-03-14,YRM18,96.84375,96.84375,96.84375,96.84375,0.0625,3100,23052
2018-03-15,YRM18,96.84375,96.8828125,96.84375,96.8828125,0.0390625,724,20030
2018-03-16,YRM18,96.8828125,96.90625,96.8828125,96.8828125,0,1315,20637
2018-03-19,YRM18,96.9140625,96.9140625,96.8828125,96.8828125,0,1369,21800
2018-03-20,YRM18,96.90625,96.9140625,96.8984375,96.8984375,0.015625,41,21761
2018-03-21,YRM18,96.8984375,96.8984375,96.8984375,96.8984375,0,141,21750
2018-03-22,YRM18,96.8671875,96.921875,96.8671875,96.90625,0.0078125,345,21699
2018-03-23,YRM18,96.96875,96.96875,96.9375,96.9453125,0.0390625,686,21753
2018-03-26,YRM18,96.9453125,96.953125,96.9375,96.9375,-0.0078125,130,21870
2018-03-27,YRM18,96.9296875,96.9453125,96.9296875,96.9453125,0.0078125,2284,23341
2018-03-28,YRM18,96.9765625,97.0078125,96.9765625,97.0078125,0.0625,392,22179
2018-03-29,YRM18,97.015625,97.015625,96.9921875,96.9921875,-0.015625,359,22430
2018-04-03,YRM18,97.0234375,97.0234375,96.9921875,96.9921875,0,2156,22435
2018-04-04,YRM18,96.9921875,96.9921875,96.96875,96.96875,-0.0234375,966,22441
2018-04-05,YRM18,96.953125,96.953125,96.9140625,96.9140625,-0.0546875,1263,22353
2018-04-06,YRM18,96.9140625,96.9375,96.9140625,96.9296875,0.015625,205,22411
2018-04-09,YRM18,96.9375,96.9375,96.9140625,96.9140625,-0.015625,176,22376
2018-04-10,YRM18,96.921875,96.921875,96.8828125,96.8828125,-0.03125,390,22506
2018-04-11,YRM18,96.921875,96.921875,96.921875,96.921875,0.0390625,737,22201
2018-04-12,YRM18,96.90625,96.9375,96.90625,96.9375,0.015625,37,22111
2018-04-13,YRM18,96.8828125,96.8828125,96.8671875,96.8671875,-0.0703125,171,22109
2018-04-16,YRM18,96.8515625,96.8515625,96.8515625,96.8515625,-0.015625,611,22289
2018-04-17,YRM18,96.84375,96.84375,96.8359375,96.8359375,-0.015625,982,22490
2018-04-18,YRM18,96.8671875,96.875,96.8671875,96.8671875,0.03125,563,22642
2018-04-19,YRM18,96.8828125,96.8828125,96.8203125,96.8359375,-0.03125,180,22594
2018-04-20,YRM18,96.796875,96.8046875,96.7890625,96.8046875,-0.03125,488,22612
2018-04-23,YRM18,96.7578125,96.7578125,96.7421875,96.75,-0.0546875,1235,22747
2018-04-24,YRM18,96.7265625,96.78125,96.7265625,96.78125,0.03125,,22532
2018-04-25,YRM18,96.7578125,96.7578125,96.7578125,96.7578125,-0.0234375,841,22965
2018-04-26,YRM18,96.765625,96.765625,96.7421875,96.7578125,0,2744,22705
2018-04-27,YRM18,96.7734375,96.8046875,96.7734375,96.8046875,0.046875,3201,23939
2018-04-30,YRM18,96.8359375,96.890625,96.8359375,96.890625,0.0859375,1426,24138
2018-05-01,YRM18,96.8828125,96.90625,96.8828125,96.90625,0.015625,1513,23382
2018-05-02,YRM18,96.890625,96.890625,96.8515625,96.8515625,-0.0546875,694,23230
2018-05-03,YRM18,96.84375,96.84375,96.828125,96.84375,-0.0078125,439,23451
2018-05-04,YRM18,96.8828125,96.8984375,96.8671875,96.8828125,0.0390625,120,23454
2018-05-07,YRM18,96.8984375,96.90625,96.8984375,96.8984375,0.015625,488,23375
2018-05-08,YRM18,96.921875,96.9375,96.921875,96.9375,0.0390625,306,23347
2018-05-09,YRM18,96.8984375,96.8984375,96.8828125,96.8828125,-0.0546875,180,23347
2018-05-10,YRM18,96.8984375,96.8984375,96.8984375,96.8984375,0.015625,545,23499
2018-05-11,YRM18,96.890625,96.8984375,96.8671875,96.8828125,-0.015625,1186,23399
2018-05-14,YRM18,96.8984375,96.8984375,96.890625,96.890625,0.0078125,1241,23693
2018-05-15,YRM18,96.8515625,96.8515625,96.84375,96.84375,-0.046875,643,23451
2018-05-16,YRM18,96.8046875,96.8046875,96.78125,96.7890625,-0.0546875,50,23401
2018-05-17,YRM18,96.765625,96.765625,96.75,96.75,-0.0390625,1014,23941
2018-05-18,YRM18,96.7578125,96.765625,96.75,96.7578125,0.0078125,677,23646
2018-05-21,YRM18,96.7890625,96.7890625,96.7734375,96.7734375,0.015625,399,23773
2018-05-22,YRM18,96.7734375,96.796875,96.7734375,96.796875,0.0234375,5032,23987
2018-05-23,YRM18,96.8203125,96.8203125,96.8203125,96.8203125,0.0234375,862,23255
2018-05-24,YRM18,96.84375,96.84375,96.84375,96.84375,0.0234375,313,23385
2018-05-25,YRM18,96.859375,96.8671875,96.8515625,96.8515625,0.0078125,117,23398
2018-05-28,YRM18,96.875,96.875,96.875,96.875,0.0234375,272,23534
2018-05-29,YRM18,96.90625,96.9375,96.90625,96.9375,0.0625,1073,23642
2018-05-30,YRM18,97.0078125,97.015625,96.9765625,96.984375,0.046875,1228,23232
2018-05-31,YRM18,97.0234375,97.0234375,96.9609375,96.9765625,-0.0078125,50,23193
2018-06-01,YRM18,97,97,96.9453125,96.9453125,-0.03125,54,23243
2018-06-04,YRM18,96.953125,96.9609375,96.921875,96.921875,-0.0234375,1512,22902
2018-06-05,YRM18,96.9375,96.9375,96.9375,96.9375,0.015625,473,22751
2018-06-06,YRM18,96.9140625,96.9140625,96.8828125,96.8828125,-0.0546875,393,22781
2018-06-07,YRM18,96.8046875,96.8125,96.796875,96.796875,-0.0859375,805,23244
2018-06-08,YRU18,96.8515625,96.8515625,96.8515625,96.8515625,0.0546875,21736,25045
2018-06-12,YRU18,96.8359375,96.84375,96.8359375,96.84375,-0.0078125,8622,26169
2018-06-13,YRU18,96.8515625,96.8671875,96.8515625,96.8671875,0.0234375,5432,26141
2018-06-14,YRU18,96.8828125,96.9296875,96.8828125,96.9140625,0.046875,843,22555
2018-06-15,YRU18,96.9140625,96.9609375,96.9140625,96.9453125,0.03125,732,20367
2018-06-18,YRU18,96.9765625,96.9765625,96.96875,96.96875,0.0234375,289,20178
2018-06-19,YRU18,96.9765625,97.03125,96.9765625,97.0234375,0.0546875,658,20012
2018-06-20,YRU18,97,97.0234375,96.9921875,96.9921875,-0.03125,254,19973
2018-06-21,YRU18,96.984375,96.984375,96.96875,96.9765625,-0.015625,232,20201
2018-06-22,YRU18,97,97.0078125,97,97.0078125,0.03125,50,20201
2018-06-25,YRU18,97.03125,97.03125,97.03125,97.03125,0.0234375,,20201
2018-06-26,YRU18,97.0234375,97.0234375,97.0234375,97.0234375,-0.0078125,443,20451
2018-06-27,YRU18,97.0234375,97.0390625,97.0234375,97.0390625,0.015625,256,20238
2018-06-28,YRU18,97.0625,97.0625,97.0546875,97.0546875,0.015625,655,20256
2018-06-29,YRU18,97.046875,97.0625,97.0390625,97.0546875,0,354,20471
2018-07-02,YRU18,97.0625,97.109375,97.0625,97.109375,0.0546875,458,20148
2018-07-03,YRU18,97.1171875,97.125,97.0859375,97.0859375,-0.0234375,25,20173
2018-07-04,YRU18,97.1171875,97.1171875,97.1015625,97.1015625,0.015625,180,20238
2018-07-05,YRU18,97.09375,97.09375,97.09375,97.09375,-0.0078125,257,20354
2018-07-06,YRU18,97.09375,97.1015625,97.03125,97.03125,-0.0625,605,20371
2018-07-09,YRU18,97.046875,97.046875,97.046875,97.046875,0.015625,581,20449
2018-07-10,YRU18,97.03125,97.03125,97.0234375,97.03125,-0.015625,1421,19786
2018-07-11,YRU18,97.0546875,97.0546875,97.0390625,97.046875,0.015625,81,19786
2018-07-12,YRU18,97.046875,97.046875,97.046875,97.046875,0,,19786
2018-07-13,YRU18,97.046875,97.046875,97.046875,97.046875,0,205,19887
2018-07-16,YRU18,97.03125,97.046875,97.03125,97.03125,-0.015625,640,19775
2018-07-17,YRU18,97.0234375,97.0234375,97.0078125,97.0234375,-0.0078125,1268,20068
2018-07-18,YRU18,97.0546875,97.0546875,97.0390625,97.046875,0.0234375,657,20345
2018-07-19,YRU18,97.046875,97.046875,97.0234375,97.0234375,-0.0234375,430,20176
2018-07-20,YRU18,97.0546875,97.0625,97.0546875,97.0625,0.0390625,654,19548
2018-07-23,YRU18,97.0234375,97.0234375,97.0078125,97.0078125,-0.0546875,278,19469
2018-07-24,YRU18,96.9609375,96.9609375,96.953125,96.953125,-0.0546875,479,19577
2018-07-25,YRU18,96.953125,96.9921875,96.953125,96.9921875,0.0390625,298,19707
2018-07-26,YRU18,96.9765625,96.9921875,96.96875,96.9921875,0,1805,19046
2018-07-27,YRU18,97.0234375,97.03125,97.0234375,97.03125,0.0390625,39,19014
2018-07-30,YRU18,97.03125,97.03125,97.0234375,97.0234375,-0.0078125,1031,19123
2018-07-31,YRU18,97,97.03125,96.9921875,97.03125,0.0078125,182,19266
2018-08-01,YRU18,97.0234375,97.0234375,96.96875,96.9921875,-0.0390625,560,18859
2018-08-02,YRU18,96.9375,96.9453125,96.9296875,96.9453125,-0.046875,32,18833
2018-08-03,YRU18,96.9375,96.953125,96.9375,96.953125,0.0078125,,18833
2018-08-06,YRU18,97.0078125,97.0078125,97.0078125,97.0078125,0.0546875,167,18764
2018-08-07,YRU18,97.0078125,97.0234375,96.9921875,97.0234375,0.015625,419,18838
2018-08-08,YRU18,96.9921875,97.0078125,96.9921875,97,-0.0234375,384,18649
2018-08-09,YRU18,97.015625,97.03125,97.015625,97.0234375,0.0234375,141,18597
2018-08-10,YRU18,97.0234375,97.09375,97.0234375,97.09375,0.0703125,443,18439
2018-08-13,YRU18,97.1015625,97.1171875,97.09375,97.09375,0,100,18464
2018-08-14,YRU18,97.078125,97.09375,97.078125,97.078125,-0.015625,1582,19601
2018-08-15,YRU18,97.09375,97.1015625,97.078125,97.078125,0,,19531
2018-08-16,YRU18,97.1015625,97.1015625,97.1015625,97.1015625,0.0234375,353,19657
2018-08-17,YRU18,97.1015625,97.1328125,97.1015625,97.1171875,0.015625,663,19859
2018-08-20,YRU18,97.1328125,97.1328125,97.1328125,97.1328125,0.015625,202,19894
2018-08-21,YRU18,97.1328125,97.1328125,97.1171875,97.1171875,-0.015625,2091,17893
2018-08-22,YRU18,97.1015625,97.1171875,97.1015625,97.1171875,0,766,17864
2018-08-23,YRU18,97.1171875,97.1328125,97.1171875,97.1171875,0,160,17814
2018-08-24,YRU18,97.1171875,97.1171875,97.1015625,97.1171875,0,950,17064
2018-08-27,YRU18,97.09375,97.109375,97.09375,97.109375,-0.0078125,165,17223
2018-08-28,YRU18,97.0703125,97.09375,97.0703125,97.09375,-0.015625,954,17207
2018-08-29,YRU18,97.0625,97.1015625,97.0625,97.1015625,0.0078125,1334,17020
2018-08-30,YRU18,97.09375,97.09375,97.09375,97.09375,-0.0078125,720,17426
2018-08-31,YRU18,97.1328125,97.140625,97.1328125,97.140625,0.046875,515,19671
2018-09-03,YRU18,97.171875,97.1796875,97.1484375,97.1484375,0.0078125,515,17411
2018-09-04,YRU18,97.140625,97.1484375,97.140625,97.140625,-0.0078125,2263,15502
2018-09-05,YRU18,97.1328125,97.1328125,97.09375,97.1171875,-0.0234375,315,15629
2018-09-06,YRU18,97.09375,97.1015625,97.09375,97.1015625,-0.015625,467,16094
2018-09-07,YRU18,97.1328125,97.1328125,97.109375,97.125,0.0234375,1286,15942
2018-09-10,YRU18,97.078125,97.09375,97.078125,97.09375,-0.03125,2269,14281
2018-09-11,YRU18,97.09375,97.09375,97.0859375,97.09375,0,3225,12032
2018-09-12,YRU18,97.0859375,97.0859375,97.0859375,97.0859375,-0.0078125,4811,9184
2018-09-13,YRU18,97.1015625,97.1015625,97.0625,97.0625,-0.0234375,3007,5054
2018-09-14,YRU18,97.046875,97.0703125,97.046875,97.0703125,0.0078125,266,2985
2018-09-17,YRU18,97.046875,97.046875,97.046875,97.046875,-0.0234375,266,
2019-05-01,YRM19,26390,26390,26390,26390,26292.953125,,
2019-05-02,YRM19,26265,26265,26265,26265,-125,,
2019-05-03,YRM19,26499,26499,26499,26499,234,,
2019-05-06,YRM19,26055,26445,25936,26405,-94,24897,1695
2019-05-07,YRM19,26225,26393,25753,25973,-432,61858,12272
2019-05-08,YRM19,25970,26078,25798,26014,41,60161,15732
2019-05-09,YRM19,25977,25995,25501,25816,-198,80280,15167
2019-05-10,YRM19,25811,26015,25463,25964,148,78683,19481
2019-05-13,YRM19,25867,25867,25214,25281,-683,59540,20017
2019-05-14,YRM19,25276,25677,25219,25570,289,42847,12047
2019-05-15,YRM19,25582,25714,25326,25674,104,53394,12350
2019-05-16,YRM19,25671,25954,25555,25867,193,41317,10582
2019-05-17,YRM19,25878,25948,25628,25780,-87,40518,10627
2019-05-20,YRM19,25766,25901,25554,25696,-84,40035,9542
2019-05-21,YRM19,25724,25895,25711,25875,179,31167,9123
2019-05-22,YRM19,25863,25906,25733,25771,-104,34406,9882
2019-05-23,YRM19,25769,25781,25321,25463,-308,54039,11468
2019-05-24,YRM19,25489,25663,25458,25620,157,32450,9672
2019-05-28,YRM19,25609,25717,25330,25369,-251,43588,10840
2019-05-29,YRM19,25353,25376,24938,25109,-260,59383,14391
2019-05-30,YRM19,25108,25216,25058,25190,81,41299,9304
2019-05-31,YRM19,25182,25191,24788,24820,-370,63204,9509
2019-06-03,YRM19,24745,24937,24610,24869,49,85023,10089
2019-06-04,YRM19,24913,25366,24826,25346,477,58508,6512
2019-06-05,YRM19,25351,25572,25344,25558,212,56687,6411
2019-06-06,YRM19,25550,25807,25438,25745,187,47438,6670
2019-06-07,YRM19,25704,26084,25683,26007,262,32426,6967
2019-06-10,YRM19,26109,26281,26048,26086,79,28973,6963
2019-06-11,YRM19,26099,26262,26009,26065,-21,31699,6744
2019-06-12,YRM19,26070,26100,25962,26012,-53,27965,6896
2019-06-13,YRM19,26018,26153,25891,26117,105,31984,6949
2019-06-14,YRM19,26134,26176,25996,26123,6,26605,7175
2019-06-17,YRM19,26137,26211,26057,26131,8,17111,6976
2019-06-18,YRU19,26154,26550,26075,26504,373,45093,8134
2019-06-19,YRU19,26495,26588,26362,26536,32,30090,8945
2019-06-20,YRU19,26519,26812,26516,26774,238,34443,9972
2019-06-21,YRU19,26759,26921,26674,26697,-77,50221,6246
2019-06-24,YRU19,26676,26815,26671,26762,65,26626,6378
2019-06-25,YRU19,26751,26825,26537,26562,-200,56303,7649
2019-06-26,YRU19,26558,26703,26509,26550,-12,41694,7388
2019-06-27,YRU19,26523,26665,26446,26546,-4,39605,7742
2019-06-28,YRU19,26576,26672,26522,26593,47,31632,7005
2019-07-01,YRU19,26757,26895,26609,26700,107,58128,6883
2019-07-02,YRU19,26696,26806,26621,26797,97,39341,7015
2019-07-03,YRU19,26797,26981,26750,26970,173,20780,7564
2019-07-05,YRU19,26952,27005,26729,26885,-85,45352,7863
2019-07-08,YRU19,26900,26929,26742,26793,-92,29719,7945
2019-07-09,YRU19,26781,26807,26657,26779,-14,44174,7806
2019-07-10,YRU19,26763,26984,26689,26860,81,58645,7070
2019-07-11,YRU19,26856,27092,26853,27077,217,52540,4125
2019-07-12,YRU19,27074,27328,27071,27309,232,41345,5328
2019-07-15,YRU19,27304,27397,27263,27342,33,34081,5747
2019-07-16,YRU19,27338,27397,27279,27328,-14,41640,5374
2019-07-17,YRU19,27279,27375,27181,27231,-97,43454,5355
2019-07-18,YRU19,27173,27302,27058,27201,-30,63205,5586
2019-07-19,YRU19,27307,27401,27071,27130,-71,67004,5334
2019-07-22,YRU19,27079,27215,27076,27176,46,52123,5849
2019-07-23,YRU19,27174,27358,27161,27324,148,52570,5417
2019-07-24,YRU19,27309,27346,27176,27237,-87,50083,5827
2019-07-25,YRU19,27242,27349,27039,27096,-141,69551,5260
2019-07-26,YRU19,27088,27192,27076,27149,53,37790,5372
2019-07-29,YRU19,27143,27254,27112,27198,49,35641,5451
2019-07-30,YRU19,27212,27251,27042,27164,-34,45957,5326
2019-07-31,YRU19,27199,27257,26695,26855,-309,83755,5884
2019-08-01,YRU19,26784,27148,26511,26543,-312,161989,8525
2019-08-02,YRU19,26533,26664,26210,26449,-94,117735,10939
2019-08-05,YRU19,26410,26460,25475,25550,-899,111135,10171
2019-08-06,YRU19,25519,25998,25033,25924,374,101173,8811
2019-08-07,YRU19,25914,26033,25390,25940,16,120989,8317
2019-08-08,YRU19,25931,26373,25847,26365,425,67878,8072
2019-08-09,YRU19,26321,26394,26075,26268,-97,82710,4624
2019-08-12,YRU19,26276,26353,25802,25867,-401,71892,5195
2019-08-13,YRU19,25900,26408,25751,26314,447,86421,5556
2019-08-14,YRU19,26311,26349,25411,25455,-859,79943,6339
2019-08-15,YRU19,25390,25706,25227,25575,120,114177,6281
2019-08-16,YRU19,25598,25930,25576,25907,332,48784,5699
2019-08-19,YRU19,25927,26237,25920,26118,211,28512,5707
2019-08-20,YRU19,26121,26197,25882,25931,-187,31427,6118
2019-08-21,YRU19,25902,26267,25875,26226,295,26902,5981
2019-08-22,YRU19,26259,26375,26086,26225,-1,38855,6023
2019-08-23,YRU19,26215,26349,25492,25670,-555,92135,6378
2019-08-26,YRU19,25507,25984,25269,25943,273,59523,5285
2019-08-27,YRU19,25924,26065,25712,25744,-199,49355,5678
2019-08-28,YRU19,25772,26044,25620,26037,293,47054,6067
2019-08-29,YRU19,25963,26407,25930,26378,341,36763,5586
2019-08-30,YRU19,26349,26559,26298,26406,28,37948,5379
2019-09-03,YRU19,26319,26371,25977,26122,-284,54798,5529
2019-09-04,YRU19,26097,26390,26085,26372,250,28320,5824
2019-09-05,YRU19,26370,26845,26354,26701,329,36788,6288
2019-09-06,YRU19,26695,26867,26650,26808,107,28940,6035
2019-09-09,YRU19,26817,26914,26773,26840,32,25116,5852
2019-09-10,YRU19,26842,26923,26723,26894,54,39244,6304
2019-09-11,YRU19,26905,27170,26849,27144,250,35504,6536
2019-09-12,YRU19,27142,27319,27110,27198,54,55947,6963
2019-09-13,YRU19,27193,27323,27193,27218,20,29070,7821
2019-09-16,YRZ19,27118,27198,27009,27080,-138,31501,6950
2019-09-17,YRZ19,27116,27136,26983,27110,30,31714,7120
2019-09-18,YRZ19,27110,27189,26900,27143,33,42157,7310
2019-09-19,YRZ19,27168,27262,26992,27078,-65,39694,5685
2019-09-20,YRZ19,27083,27175,26875,26894,-184,51015,3340
2019-09-23,YRZ19,26911,27045,26803,26963,69,35438,3697
2019-09-24,YRZ19,27013,27103,26685,26818,-145,72959,4455
2019-09-25,YRZ19,26844,27002,26714,26958,140,56318,4669
2019-09-26,YRZ19,26969,27042,26782,26892,-66,51309,5306
2019-09-27,YRZ19,26888,26991,26689,26796,-96,60714,5393
2019-09-30,YRZ19,26880,26969,26806,26901,105,43626,6064
2019-10-01,YRZ19,26966,27040,26515,26521,-380,68147,6301
2019-10-02,YRZ19,26556,26616,25931,25985,-536,80091,7021
2019-10-03,YRZ19,26020,26184,25703,26180,195,89750,7433
2019-10-04,YRZ19,26170,26548,25977,26525,345,56009,7549
2019-10-07,YRZ19,26380,26616,26353,26439,-86,48000,7856
2019-10-08,YRZ19,26421,26549,26093,26138,-301,76572,8594
2019-10-09,YRZ19,26137,26401,26085,26305,167,52577,8839
2019-10-10,YRZ19,26331,26597,25980,26484,179,75445,9600
2019-10-11,YRZ19,26562,26974,26497,26775,291,76094,9641
2019-10-14,YRZ19,26772,26894,26636,26746,-29,34444,9277
2019-10-15,YRZ19,26748,27078,26747,27002,256,42752,10718
2019-10-16,YRZ19,27016,27016,26891,26940,-62,37358,9994
2019-10-17,YRZ19,26955,27088,26876,26993,53,41076,10336
2019-10-18,YRZ19,27001,27023,26727,26754,-239,38416,10569
2019-10-21,YRZ19,26726,26837,26704,26797,43,36993,10473
2019-10-22,YRZ19,26799,26906,26715,26763,-34,40583,10472
2019-10-23,YRZ19,26739,26852,26588,26802,39,45375,11531
2019-10-24,YRZ19,26804,26871,26660,26780,-22,44654,11250
2019-10-25,YRZ19,26759,26967,26711,26904,124,37363,11592
2019-10-28,YRZ19,26930,27119,26925,27053,149,34764,11149
2019-10-29,YRZ19,27052,27111,26967,27042,-11,39325,10700
2019-10-30,YRZ19,27043,27234,26941,27132,90,47269,10754
2019-10-31,YRZ19,27175,27175,26846,26982,-150,58595,9857
2019-11-01,YRZ19,26982,27280,26957,27259,277,38990,9505
2019-11-04,YRZ19,27287,27450,27280,27380,121,36076,9769
2019-11-05,YRZ19,27371,27494,27367,27421,41,35034,9956
2019-11-06,YRZ19,27412,27469,27341,27430,9,40120,9923
2019-11-07,YRZ19,27440,27738,27391,27667,237,37263,10742
2019-11-08,YRZ19,27678,27714,27542,27631,-36,28777,10217
2019-11-11,YRZ19,27614,27674,27471,27658,27,28016,9818
2019-11-12,YRZ19,27666,27731,27594,27663,5,32107,9854
2019-11-13,YRZ19,27636,27773,27524,27761,98,37421,9885
2019-11-14,YRZ19,27765,27806,27633,27746,-15,35211,10631
2019-11-15,YRZ19,27746,27971,27737,27953,207,33993,11179
2019-11-18,YRZ19,27960,28058,27926,28008,55,26540,11645
2019-11-19,YRZ19,28006,28129,27852,27895,-113,34716,11614
2019-11-20,YRZ19,27880,27880,27643,27800,-95,40979,11567
2019-11-21,YRZ19,27754,27845,27654,27748,-52,35912,11378
2019-11-22,YRZ19,27749,27868,27722,27862,114,28387,11142
2019-11-25,YRZ19,27911,28044,27903,28039,177,19397,11558
2019-11-26,YRZ19,28022,28150,27997,28130,91,24053,11635
2019-11-27,YRZ19,28125,28172,28057,28148,18,22436,11930
2019-11-29,YRZ19,28146,28154,28038,28073,-75,22179,11886
2019-12-02,YRZ19,28087,28197,27760,27789,-284,53493,11705
2019-12-03,YRZ19,27779,27846,27311,27487,-302,63129,11212
2019-12-04,YRZ19,27479,27726,27398,27643,156,41023,12041
2019-12-05,YRZ19,27645,27775,27558,27678,35,38057,12248
2019-12-06,YRZ19,27692,28039,27676,28014,336,33269,12413
2019-12-09,YRZ19,28024,28051,27878,27902,-112,21154,12164
2019-12-10,YRZ19,27899,27961,27726,27921,19,36313,12034
2019-12-11,YRZ19,27920,27980,27804,27924,3,30033,12614
2019-12-12,YRZ19,27925,28239,27857,28131,207,58228,10979
2019-12-13,YRZ19,28154,28299,28037,28168,37,67999,12318
2019-12-16,YRH20,28181,28350,28154,28263,95,28970,12710
2019-12-17,YRH20,28247,28345,28181,28284,21,32625,13230
2019-12-18,YRH20,28262,28334,28250,28281,-3,24460,12875
2019-12-19,YRH20,28286,28425,28252,28401,120,25788,12593
2019-12-20,YRH20,28412,28525,28377,28482,81,28166,3248
2019-12-23,YRH20,28476,28582,28475,28550,68,18251,4031
2019-12-24,YRH20,28556,28588,28499,28508,-42,7092,3961
2019-12-26,YRH20,28520,28625,28511,28619,111,12634,4020
2019-12-27,YRH20,28595,28721,28589,28610,-9,25671,4234
2019-12-30,YRH20,28613,28661,28403,28440,-170,32658,4171
2019-12-31,YRH20,28429,28554,28342,28508,68,23402,4223
2020-01-02,YRH20,28551,28870,28538,28841,333,32169,4400
2020-01-03,YRH20,28848,28891,28432,28602,-239,51153,3524
2020-01-06,YRH20,28507,28700,28351,28642,40,47158,3896
2020-01-07,YRH20,28631,28737,28448,28526,-116,37927,3704
2020-01-08,YRH20,28502,28832,28085,28770,244,85721,4185
2020-01-09,YRH20,28775,28952,28745,28929,159,38399,4602
2020-01-10,YRH20,28926,29023,28752,28777,-152,42820,4636
2020-01-13,YRH20,28774,28907,28774,28871,94,33100,4509
2020-01-14,YRH20,28871,29015,28738,28934,63,51747,5236
2020-01-15,YRH20,28932,29089,28839,29029,95,45876,5136
2020-01-16,YRH20,29038,29263,29032,29240,211,36306,4829
2020-01-17,YRH20,29246,29362,29237,29279,39,39339,4973
2020-01-21,YRH20,29284,29318,29108,29179,-100,56962,5176
2020-01-22,YRH20,29183,29313,29092,29140,-39,49055,5179
2020-01-23,YRH20,29117,29150,28922,29127,-13,50045,5714
2020-01-24,YRH20,29127,29242,28796,28933,-194,82122,5735
2020-01-27,YRH20,28769,28769,28405,28481,-452,84235,6561
2020-01-28,YRH20,28483,28780,28468,28710,229,59992,6395
2020-01-29,YRH20,28734,28888,28653,28710,0,56338,6237
2020-01-30,YRH20,28717,28843,28433,28791,81,86192,6010
2020-01-31,YRH20,28840,28882,28102,28196,-595,106801,6216
2020-02-03,YRH20,28153,28573,28119,28361,165,77761,6124
2020-02-04,YRH20,28348,28847,28284,28789,428,69242,6363
2020-02-05,YRH20,28768,29278,28692,29241,452,80056,6582
2020-02-06,YRH20,29247,29474,29186,29328,87,71245,6604
2020-02-07,YRH20,29356,29368,29005,29044,-284,68012,7471
2020-02-10,YRH20,29027,29250,28850,29245,201,60011,8800
2020-02-11,YRH20,29234,29396,29162,29229,-16,66172,9212
2020-02-12,YRH20,29253,29538,29210,29523,294,53383,9555
2020-02-13,YRH20,29525,29541,29245,29432,-91,78855,9625
2020-02-14,YRH20,29442,29520,29267,29395,-37,53032,9605
2020-02-18,YRH20,29384,29475,29100,29211,-184,77301,10668
2020-02-19,YRH20,29236,29397,29233,29337,126,45547,10170
2020-02-20,YRH20,29360,29434,28932,29171,-166,90821,10880
2020-02-21,YRH20,29155,29176,28872,28981,-190,94593,10631
2020-02-24,YRH20,28800,28800,27888,27968,-1013,158351,12203
2020-02-25,YRH20,27930,28234,26977,27117,-851,212204,13049
2020-02-26,YRH20,27116,27518,26693,26914,-203,255930,13760
2020-02-27,YRH20,26814,26976,25494,25552,-1362,260117,16010
2020-02-28,YRH20,25549,25771,24678,25364,-188,378864,15731
2020-03-02,YRH20,25280,26710,24871,26468,1104,293509,15210
2020-03-03,YRH20,26560,27067,25680,25880,-588,369861,15842
2020-03-04,YRH20,25806,27077,25695,26965,1085,116369,15329
2020-03-05,YRH20,26925,26976,25916,26060,-905,127573,15488
2020-03-06,YRH20,26149,26281,25192,25789,-271,150667,15234
2020-03-09,YRH20,25490,25490,23522,23877,-1912,88661,15293
2020-03-10,YRH20,23720,25021,23424,24849,972,237578,14451
2020-03-11,YRH20,24840,24914,23300,23575,-1274,179792,9077
2020-03-12,YRH20,23574,23851,20876,21085,-2490,162932,9031
2020-03-13,YRH20,20821,23145,20367,22988,1903,219639,10636
2020-03-16,YRM20,22762,22762,19978,20261,-2727,130316,9627
2020-03-17,YRM20,20257,21247,19739,20860,599,248657,10243
2020-03-18,YRM20,20753,20843,18767,19853,-1007,151747,10499
2020-03-19,YRM20,19896,20394,18832,19875,22,241873,13140
2020-03-20,YRM20,19592,20880,18825,19040,-835,298312,15408
2020-03-23,YRM20,18602,19804,18086,18497,-543,280971,17558
2020-03-24,YRM20,18587,20716,18587,20608,2111,228711,19431
2020-03-25,YRM20,20677,21889,20266,21026,418,360390,19718
2020-03-26,YRM20,21062,22455,20512,22348,1322,308119,22033
2020-03-27,YRM20,22515,22540,21316,21437,-911,257751,17768
2020-03-30,YRM20,21057,22239,20752,22167,730,229756,17800
2020-03-31,YRM20,22183,22388,21640,21751,-416,199800,18801
2020-04-01,YRM20,21710,21710,20648,20740,-1011,184102,20379
2020-04-02,YRM20,20823,21375,20500,21273,533,220062,21808
2020-04-03,YRM20,21276,21354,20735,20957,-316,172814,21851
2020-04-06,YRM20,20933,22662,20921,22488,1531,158481,20980
2020-04-07,YRM20,22493,23487,22300,22491,3,231912,21731
2020-04-08,YRM20,22481,23396,22247,23246,755,186118,22481
2020-04-09,YRM20,23294,23891,23025,23618,372,203979,23123
2020-04-13,YRM20,23826,23870,22969,23309,-309,121949,22947
2020-04-14,YRM20,23314,23921,23247,23880,571,118695,23496
2020-04-15,YRM20,23910,24097,23103,23391,-489,132572,23132
2020-04-16,YRM20,23339,23768,23076,23407,16,144892,23481
2020-04-17,YRM20,24000,24327,23702,24159,752,136655,24206
2020-04-20,YRM20,24105,24202,23436,23488,-671,109750,24485
2020-04-21,YRM20,23481,23682,22815,22929,-559,166126,24825
2020-04-22,YRM20,22971,23538,22814,23356,427,103772,24843
2020-04-23,YRM20,23376,23773,23229,23337,-19,118848,24905
2020-04-24,YRM20,23334,23715,23151,23658,321,93977,24239
2020-04-27,YRM20,23648,24104,23534,23999,341,86418,24596
2020-04-28,YRM20,24013,24438,23875,24045,46,102475,23958
2020-04-29,YRM20,24037,24684,23971,24566,521,106195,24034
2020-04-30,YRM20,24674,24794,24074,24230,-336,123804,24441
2020-05-01,YRM20,24055,24077,23529,23619,-611,97910,23806
2020-05-04,YRM20,23453,23658,23207,23571,-48,108354,25132
2020-05-05,YRM20,23591,24057,23572,23761,190,104253,26330
2020-05-06,YRM20,23758,23993,23497,23513,-248,116245,26969
2020-05-07,YRM20,23495,23999,23429,23843,330,100535,26525
2020-05-08,YRM20,23851,24326,23835,24286,443,79705,26488
2020-05-11,YRM20,24254,24471,23972,24124,-162,99033,26457
2020-05-12,YRM20,24106,24294,23467,23574,-550,116590,26491
2020-05-13,YRM20,23492,23779,22982,23166,-408,185640,27651
2020-05-14,YRM20,23233,23593,22705,23534,368,196710,27432
2020-05-15,YRM20,23522,23678,23241,23517,-17,161443,27114
2020-05-18,YRM20,23589,24639,23534,24507,990,122655,26535
2020-05-19,YRM20,24478,24765,24120,24158,-349,156693,26646
2020-05-20,YRM20,24126,24582,24076,24519,361,104349,26743
2020-05-21,YRM20,24547,24660,24300,24376,-143,117560,26489
2020-05-22,YRM20,24378,24508,24100,24424,48,103724,26640
2020-05-26,YRM20,24412,25128,24400,25002,578,140341,26840
2020-05-27,YRM20,25002,25575,24913,25534,532,142362,26779
2020-05-28,YRM20,25546,25794,25311,25457,-77,153819,26664
2020-05-29,YRM20,25448,25499,24992,25378,-79,163469,25854
2020-06-01,YRM20,25320,25519,25092,25463,85,96995,26066
2020-06-02,YRM20,25455,25719,25292,25701,238,106029,26635
2020-06-03,YRM20,25702,26340,25680,26228,527,105940,27580
2020-06-04,YRM20,26245,26369,26056,26253,25,125204,27593
2020-06-05,YRM20,26281,27325,26213,27072,819,168080,29528
2020-06-08,YRM20,27139,27562,27031,27527,455,120908,30227
2020-06-09,YRM20,27561,27624,27126,27264,-263,119473,29909
2020-06-10,YRM20,27260,27487,26902,26961,-303,136087,30658
2020-06-11,YRM20,26955,26998,25058,25165,-1796,262469,31083
2020-06-12,YRM20,25210,25950,25065,25536,371,327258,34226
2020-06-15,YRU20,25258,25753,24408,25675,139,304856,33017
2020-06-16,YRU20,25702,26659,25654,26193,518,250132,33827
2020-06-17,YRU20,26125,26493,25923,26025,-168,158181,33950
2020-06-18,YRU20,26017,26148,25616,25899,-126,148665,26129
2020-06-19,YRU20,25900,26320,25504,25529,-370,148115,9329
2020-06-22,YRU20,25374,25992,25229,25953,424,111673,9914
2020-06-23,YRU20,25942,26293,25514,26020,67,134181,10081
2020-06-24,YRU20,25982,26124,25160,25393,-627,168779,11065
2020-06-25,YRU20,25376,25659,25002,25596,203,166536,11626
2020-06-26,YRU20,25543,25651,24834,24950,-646,167648,12717
2020-06-29,YRU20,24779,25546,24742,25497,547,143477,12320
2020-06-30,YRU20,25480,25772,25301,25689,192,121744,12607
2020-07-01,YRU20,25651,25894,25382,25575,-114,158256,13101
2020-07-02,YRU20,25544,26088,25516,25759,184,130002,11366
2020-07-06,YRU20,25715,26200,25438,26179,420,178358,10516
2020-07-07,YRU20,26165,26280,25741,25770,-409,120225,10514
2020-07-08,YRU20,25764,25998,25659,25969,199,136630,10507
2020-07-09,YRU20,25994,26030,25397,25571,-398,170779,12258
2020-07-10,YRU20,25585,26010,25294,25977,406,192843,12505
2020-07-13,YRU20,26022,26524,25914,25968,-9,218411,12645
2020-07-14,YRU20,25985,26576,25875,26491,523,273247,14969
2020-07-15,YRU20,26620,27064,26571,26765,274,172540,15834
2020-07-16,YRU20,26805,26856,26466,26553,-212,135641,15832
2020-07-17,YRU20,26555,26724,26500,26520,-33,103086,15651
2020-07-20,YRU20,26540,26655,26328,26633,113,99270,15604
2020-07-21,YRU20,26622,26916,26590,26726,93,95007,15685
2020-07-22,YRU20,26732,26927,26525,26884,158,88140,16427
2020-07-23,YRU20,26880,27057,26448,26543,-341,116135,17191
2020-07-24,YRU20,26539,26614,26290,26322,-221,92432,16891
2020-07-27,YRU20,26275,26523,26231,26484,162,78407,16743
2020-07-28,YRU20,26510,26598,26255,26297,-187,90209,16694
2020-07-29,YRU20,26294,26499,26187,26440,143,68158,16401
2020-07-30,YRU20,26464,26472,25879,26218,-222,149381,
2020-07-31,YRU20,26406,26469,26005,26032,-186,62,
Downloaded from Barchart.com as of 07-31-2020 11:16am CDT