"Symbol: RLU20",,,,,,,"Study: VOL",
"Date Time","Symbol","Open","High","Low","Close","Change","Volume","Open Interest"
2015-09-21,RLZ15,1096,1096.5,1090.6,1092.7,0,2,
2015-09-22,RLZ15,1075.7,1079.2,1074.2,1079.2,-13.5,1,1
2015-09-23,RLZ15,1077.5,1077.5,1075.6,1077.5,-1.7000000000000455,,1
2015-09-24,RLZ15,1072.9,1072.9,1063.1,1072.9,-4.599999999999909,,1
2015-09-25,RLZ15,1071.9,1078.9,1068.5,1071.9,-1,,1
2015-09-28,RLZ15,1043,1043,1043,1043,-28.90000000000009,,1
2015-09-29,RLZ15,1044,1048.8,1040.7,1044,1,,1
2015-09-30,RLZ15,1062.8,1062.8,1062.8,1062.8,18.799999999999955,,1
2015-10-01,RLZ15,1064.7,1064.7,1053.3,1064.7,1.900000000000091,,1
2015-10-02,RLZ15,1080.5,1080.5,1051.3,1080.5,15.799999999999955,,1
2015-10-05,RLZ15,1100.2,1101,1100.2,1100.2,19.700000000000045,,1
2015-10-06,RLZ15,1096.3,1096.3,1095.5,1096.3,-3.900000000000091,,1
2015-10-07,RLZ15,1105.3,1105.3,1095.6,1105.3,9,,1
2015-10-08,RLZ15,1115,1115,1102.5,1115,9.700000000000045,,1
2015-10-09,RLZ15,1116.4,1119.5,1114.1,1116.4,1.400000000000091,,1
2015-10-12,RLZ15,1117,1118.6,1114.9,1117,0.599999999999909,,1
2015-10-13,RLZ15,1109,1121,1109,1109,-8,,1
2015-10-14,RLZ15,1103.6,1113.2,1103.6,1103.6,-5.400000000000091,,1
2015-10-15,RLZ15,1123.2,1123.4,1123.2,1123.2,19.600000000000136,,1
2015-10-16,RLZ15,1125.1,1127,1119.9,1126.8,3.599999999999909,8,8
2015-10-19,RLZ15,1127.4,1127.8,1120.9,1127.4,0.6000000000001364,,8
2015-10-20,RLZ15,1123.6,1130.4,1123.1,1123.8,-3.6000000000001364,12,20
2015-10-21,RLZ15,1128.8,1129.7,1116.1,1117.9,-5.899999999999864,6,14
2015-10-22,RLZ15,1137.8,1139,1137.8,1137.8,19.899999999999864,,14
2015-10-23,RLZ15,1147,1150.2,1145.6,1146.4,8.600000000000136,8,22
2015-10-26,RLZ15,1145.5,1147.3,1143,1145.1,-1.300000000000182,8,30
2015-10-27,RLZ15,1142.9,1142.9,1138.2,1141.6,-3.5,4,26
2015-10-28,RLZ15,1147.3,1156.7,1141.5,1156,14.400000000000091,20,14
2015-10-29,RLZ15,1153.6,1156.9,1151.9,1154.6,-1.400000000000091,35,23
2015-10-30,RLZ15,1156.9,1158.4,1148.6,1150.5,-4.099999999999909,52,24
2015-11-02,RLZ15,1152.3,1165.7,1152,1164,13.5,25,24
2015-11-03,RLZ15,1162,1171.4,1161,1166.9,2.900000000000091,44,20
2015-11-04,RLZ15,1164.7,1170.1,1160.8,1163.5,-3.400000000000091,19,20
2015-11-05,RLZ15,1166.1,1167.3,1156.8,1163.1,-0.40000000000009095,16,24
2015-11-06,RLZ15,1161.7,1163.4,1153.6,1162.2,-0.8999999999998636,151,165
2015-11-09,RLZ15,1155.5,1155.5,1144.8,1151.4,-10.799999999999955,16,48
2015-11-10,RLZ15,1150.5,1154.1,1146.6,1153.4,2,10,36
2015-11-11,RLZ15,1155.3,1155.6,1148.2,1149,-4.400000000000091,10,36
2015-11-12,RLZ15,1141,1143,1132.1,1132.2,-16.799999999999955,20,36
2015-11-13,RLZ15,1130.5,1131.4,1119.4,1120.4,-11.799999999999955,25,40
2015-11-16,RLZ15,1134.2,1137.9,1118.8,1136.6,16.199999999999818,4,40
2015-11-17,RLZ15,1136.8,1144.9,1133.3,1136.5,-0.09999999999990905,42,32
2015-11-18,RLZ15,1140.9,1154.9,1139.6,1153.4,16.90000000000009,39,34
2015-11-19,RLZ15,1153.1,1155.9,1151.3,1153.1,-0.3000000000001819,72,32
2015-11-20,RLZ15,1159.5,1161.6,1155,1158.3,5.2000000000000455,52,38
2015-11-23,RLZ15,1157.5,1161.1,1153.4,1156.2,-2.099999999999909,18,38
2015-11-24,RLZ15,1151.9,1160.8,1147.2,1156.8,0.599999999999909,40,38
2015-11-25,RLZ15,1159.1,1160.6,1156.6,1159,2.2000000000000455,20,36
2015-11-27,RLZ15,1158,1160.9,1155.9,1160,1,28,40
2015-11-30,RLZ15,1157.6,1161.3,1154,1154.7,-5.2999999999999545,51,45
2015-12-01,RLZ15,1159.4,1166.1,1157.3,1165.8,11.099999999999909,32,38
2015-12-02,RLZ15,1164.9,1167.1,1152,1154.9,-10.899999999999864,59,53
2015-12-03,RLZ15,1155.1,1156.4,1132.3,1138,-16.90000000000009,41,44
2015-12-04,RLZ15,1141.2,1160.1,1138.9,1158.2,20.200000000000045,83,65
2015-12-07,RLZ15,1153.1,1154.8,1144.3,1152.3,-5.900000000000091,106,35
2015-12-08,RLZ15,1137.6,1148.2,1136.1,1140.9,-11.399999999999864,50,29
2015-12-09,RLZ15,1141.7,1151.9,1127.3,1131.8,-9.100000000000136,105,38
2015-12-10,RLZ15,1133.8,1144.7,1132.4,1136.6,4.7999999999999545,240,26
2015-12-11,RLZ15,1124,1126.4,1112,1114.3,-22.299999999999955,55,39
2015-12-14,RLZ15,1117.8,1120,1103.1,1117.7,3.400000000000091,92,32
2015-12-15,RLZ15,1132.9,1136.1,1128,1131.3,13.599999999999909,7,39
2015-12-16,RLZ15,1134.1,1150.8,1132.5,1150.8,19.5,40,44
2015-12-17,RLZ15,1146.9,1147,1127,1133.6,-17.200000000000045,,6
2015-12-18,RLH16,1119.1,1119.6,1104.9,1110.3,-23.299999999999955,194,88
2015-12-21,RLH16,1115.6,1115.8,1105.7,1115.7,5.400000000000091,96,129
2015-12-22,RLH16,1118.5,1128.1,1114,1128,12.299999999999955,49,109
2015-12-23,RLH16,1132.6,1139.6,1131.1,1137.2,9.200000000000045,89,97
2015-12-24,RLH16,1139.2,1141.1,1135.9,1136.4,-0.7999999999999545,36,85
2015-12-28,RLH16,1132.6,1136,1128.6,1135.8,-0.6000000000001364,274,41
2015-12-29,RLH16,1143.1,1149.5,1143.1,1148.5,12.700000000000045,85,11
2015-12-30,RLH16,1144.7,1145.7,1138.2,1138.4,-10.099999999999909,118,46
2015-12-31,RLH16,1133.9,1139.1,1125.8,1128.3,-10.100000000000136,125,13
2016-01-04,RLH16,1108.1,1112.7,1097.7,1112.7,-15.599999999999909,211,95
2016-01-05,RLH16,1113.9,1115.1,1105.4,1114.1,1.3999999999998636,77,104
2016-01-06,RLH16,1096.5,1104.5,1091.1,1099.7,-14.399999999999864,148,113
2016-01-07,RLH16,1080.2,1089.3,1068.1,1073.2,-26.5,115,92
2016-01-08,RLH16,1077.6,1080.6,1057.2,1061.5,-11.700000000000045,72,102
2016-01-11,RLH16,1059.9,1066.8,1046.7,1061.6,0.09999999999990905,46,106
2016-01-12,RLH16,1068.1,1072.2,1053,1063.6,2,42,114
2016-01-13,RLH16,1070.5,1073.3,1036.3,1036.3,-27.299999999999955,75,68
2016-01-14,RLH16,1041.9,1064,1033.1,1057,20.700000000000045,63,59
2016-01-15,RLH16,1030.3,1038.7,1021.2,1035.7,-21.299999999999955,82,44
2016-01-19,RLH16,1044.5,1045.7,1024.1,1032.8,-2.900000000000091,59,46
2016-01-20,RLH16,1017.9,1031.3,994.7,1023.8,-9,177,28
2016-01-21,RLH16,1022.5,1039,1016.1,1026.6,2.7999999999999545,88,34
2016-01-22,RLH16,1043.6,1049.2,1039.4,1048.3,21.700000000000045,71,30
2016-01-25,RLH16,1046,1046.2,1030.8,1031.3,-17,37,51
2016-01-26,RLH16,1034.6,1048.2,1034.6,1046.7,15.400000000000091,32,55
2016-01-27,RLH16,1042.7,1053.8,1029.3,1035.1,-11.600000000000136,49,56
2016-01-28,RLH16,1043.6,1046.1,1029.6,1037.1,2,58,44
2016-01-29,RLH16,1045.2,1066,1045.2,1065.4,28.300000000000182,39,35
2016-02-01,RLH16,1058.7,1070.4,1055.7,1060.6,-4.800000000000182,12,35
2016-02-02,RLH16,1049.5,1053.7,1039.9,1039.9,-20.699999999999818,10,34
2016-02-03,RLH16,1051.1,1054.4,1028.5,1053.2,13.299999999999955,36,22
2016-02-04,RLH16,1048.3,1060.5,1045.5,1052.8,-0.40000000000009095,18,20
2016-02-05,RLH16,1047.6,1048.8,1029.2,1034.3,-18.5,21,21
2016-02-08,RLH16,1012.8,1020.5,1003.2,1018.9,-15.399999999999977,12,20
2016-02-09,RLH16,1014.7,1024.5,1006.4,1016.4,-2.5,32,19
2016-02-10,RLH16,1030.5,1032.8,1014.5,1015.7,-0.6999999999999318,16,19
2016-02-11,RLH16,1001.5,1008.4,992.9,1003.1,-12.600000000000023,69,19
2016-02-12,RLH16,1018.6,1023.3,1015.5,1022.3,19.199999999999932,15,19
2016-02-16,RLH16,1035,1041.5,1029.5,1039.8,17.5,30,29
2016-02-17,RLH16,1059.4,1061.4,1059.3,1059.6,19.799999999999955,8,29
2016-02-18,RLH16,1058,1060.1,1052.8,1055.7,-3.8999999999998636,44,19
2016-02-19,RLH16,1054.3,1055,1045.9,1054.9,-0.7999999999999545,5,19
2016-02-22,RLH16,1069.2,1070.8,1066.9,1067.1,12.199999999999818,9,23
2016-02-23,RLH16,1065.9,1067.7,1056.1,1056.2,-10.899999999999864,39,23
2016-02-24,RLH16,1045.6,1064.4,1040.1,1064.2,8,58,23
2016-02-25,RLH16,1065.6,1075.3,1060.3,1075.3,11.099999999999909,34,42
2016-02-26,RLH16,1080.6,1081.2,1072.2,1072.4,-2.8999999999998636,108,28
2016-02-29,RLH16,1073.5,1079.5,1064.6,1064.7,-7.7000000000000455,74,30
2016-03-01,RLH16,1074.2,1092,1070.3,1092,27.299999999999955,26,25
2016-03-02,RLH16,1086.2,1095.8,1085.8,1095.3,3.2999999999999545,16,27
2016-03-03,RLH16,1093.7,1100.7,1091.4,1100.1,4.7999999999999545,25,28
2016-03-04,RLH16,1101.4,1109.8,1097.3,1103.2,3.1000000000001364,32,29
2016-03-07,RLH16,1104.4,1108.6,1098.8,1104.7,1.5,46,29
2016-03-08,RLH16,1098.2,1100.9,1091.9,1094.8,-9.900000000000091,16,25
2016-03-09,RLH16,1097.9,1100.5,1093.2,1099.3,4.5,23,29
2016-03-10,RLH16,1100.3,1107.2,1087.2,1098.7,-0.599999999999909,85,33
2016-03-11,RLH16,1109.6,1117.6,1108.4,1116.5,17.799999999999955,70,64
2016-03-14,RLH16,1115.6,1118.1,1112.1,1114.9,-1.599999999999909,2,64
2016-03-15,RLH16,1112.1,1112.1,1107.2,1112.1,-2.800000000000182,,64
2016-03-16,RLH16,1112,1121.8,1109.7,1119,6.900000000000091,45,50
2016-03-17,RLM16,1113.1,1125.9,1111.9,1121.8,2.7999999999999545,44,6
2016-03-18,RLM16,1125.2,1128.3,1123.5,1126.9,5.100000000000136,15,4
2016-03-21,RLM16,1128,1129.7,1123.7,1129.1,2.199999999999818,15,6
2016-03-22,RLM16,1122.9,1131.6,1122.3,1129,-0.09999999999990905,29,21
2016-03-23,RLM16,1124.8,1126,1118.9,1120.5,-8.5,4,21
2016-03-24,RLM16,1112,1121,1111.2,1121,0.5,10,31
2016-03-28,RLM16,1118,1123.8,1117.5,1121.7,0.7000000000000455,22,12
2016-03-29,RLM16,1117.3,1131.7,1115.8,1124.1,2.3999999999998636,23,23
2016-03-30,RLM16,1140.4,1140.8,1133.7,1135.5,11.400000000000091,15,31
2016-03-31,RLM16,1136.1,1138.4,1132.9,1134.2,-1.2999999999999545,5,30
2016-04-01,RLM16,1130.5,1141.8,1125.1,1141.1,6.899999999999864,24,28
2016-04-04,RLM16,1137.5,1141.6,1135.4,1136.8,-4.2999999999999545,5,33
2016-04-05,RLM16,1128.1,1131,1124.5,1126.9,-9.899999999999864,20,20
2016-04-06,RLM16,1133.5,1138.2,1124.7,1138.2,11.299999999999955,10,20
2016-04-07,RLM16,1124.9,1124.9,1119.9,1124.9,-13.299999999999955,,20
2016-04-08,RLM16,1132.3,1135.6,1124.8,1128.2,3.2999999999999545,11,16
2016-04-11,RLM16,1135.3,1137,1124.3,1124.5,-3.7000000000000455,25,17
2016-04-12,RLM16,1128,1137.9,1123.7,1136.2,11.700000000000045,23,31
2016-04-13,RLM16,1142.9,1149,1141.6,1148.6,12.399999999999864,5,36
2016-04-14,RLM16,1148.1,1151.3,1146.4,1148.7,0.10000000000013642,1,37
2016-04-15,RLM16,1148.2,1148.2,1145.4,1148.2,-0.5,,37
2016-04-18,RLM16,1153.9,1155.2,1142.9,1153.9,5.7000000000000455,5,32
2016-04-19,RLM16,1158.4,1160.6,1153.7,1158.4,4.5,,32
2016-04-20,RLM16,1159.8,1164.6,1156.3,1160.8,2.3999999999998636,6,26
2016-04-21,RLM16,1152.7,1161,1152.3,1152.9,-7.899999999999864,15,41
2016-04-22,RLM16,1150.4,1156,1149,1155,2.099999999999909,10,31
2016-04-25,RLM16,1151.9,1153,1146.8,1153,-2,9,23
2016-04-26,RLM16,1154.4,1157.5,1151.2,1156.4,3.400000000000091,6,23
2016-04-27,RLM16,1154.6,1159.8,1150.4,1158.1,1.699999999999818,3,20
2016-04-28,RLM16,1146.2,1159.4,1144.2,1148.2,-9.899999999999864,4,20
2016-04-29,RLM16,1143.7,1145.3,1133.4,1140.6,-7.600000000000136,11,20
2016-05-02,RLM16,1149.1,1150.6,1149.1,1149.1,8.5,,20
2016-05-03,RLM16,1136.2,1142.1,1133.8,1138.9,-10.199999999999818,20,26
2016-05-04,RLM16,1136.2,1137.3,1128.9,1133.3,-5.600000000000136,6,26
2016-05-05,RLM16,1134.1,1137.3,1129,1131.1,-2.2000000000000455,8,30
2016-05-06,RLM16,1130.8,1136.1,1125.5,1136,4.900000000000091,14,28
2016-05-09,RLM16,1136.7,1138.9,1133.4,1136.7,0.7000000000000455,,28
2016-05-10,RLM16,1149.8,1150.8,1149.8,1149.8,13.099999999999909,,28
2016-05-11,RLM16,1145,1150,1139,1139,-10.799999999999955,9,33
2016-05-12,RLM16,1139.8,1145.5,1133.1,1138.9,-0.09999999999990905,10,33
2016-05-13,RLM16,1130.3,1141,1127.7,1130.3,-8.600000000000136,,33
2016-05-16,RLM16,1135.6,1144.1,1134.7,1140.8,10.5,24,34
2016-05-17,RLM16,1141,1141.2,1127.1,1130.9,-9.899999999999864,19,31
2016-05-18,RLM16,1136.6,1137.9,1123.1,1126.4,-4.5,57,28
2016-05-19,RLM16,1125.8,1128.1,1118.2,1127.5,1.099999999999909,29,35
2016-05-20,RLM16,1133.5,1137,1131.9,1134.7,7.2000000000000455,15,35
2016-05-23,RLM16,1131.9,1136.1,1131.3,1131.8,-2.900000000000091,15,36
2016-05-24,RLM16,1140.9,1149.5,1140.3,1148.5,16.700000000000045,19,38
2016-05-25,RLM16,1156.1,1158.2,1155.1,1155.8,7.2999999999999545,21,23
2016-05-26,RLM16,1157.1,1158.1,1154,1157.1,1.2999999999999545,14,34
2016-05-27,RLM16,1161.5,1161.6,1156.7,1161.5,4.400000000000091,14,34
2016-05-31,RLM16,1162.2,1163.8,1156,1161.4,-0.09999999999990905,13,36
2016-06-01,RLM16,1160.7,1162.7,1154,1162.4,1,5,41
2016-06-02,RLM16,1157.9,1166.1,1156.7,1166,3.599999999999909,2,42
2016-06-03,RLM16,1158.7,1164,1154.6,1162.1,-3.900000000000091,4,45
2016-06-06,RLM16,1165.4,1170.2,1163.8,1168.3,6.2000000000000455,12,35
2016-06-07,RLM16,1169.5,1173.4,1169.5,1169.5,1.2000000000000455,2,37
2016-06-08,RLM16,1173.7,1174.6,1173.7,1173.9,4.400000000000091,5,42
2016-06-09,RLM16,1168.5,1172.6,1167.4,1171.4,-2.5,5,47
2016-06-10,RLM16,1160.3,1160.3,1156.5,1160.3,-11.100000000000136,,47
2016-06-13,RLM16,1159.7,1161.4,1150.1,1150.1,-10.200000000000045,6,41
2016-06-14,RLM16,1149.1,1151.8,1142.1,1147.3,-2.7999999999999545,22,22
2016-06-15,RLM16,1146.3,1154.3,1145.9,1146.3,-1,,22
2016-06-16,RLU16,1143.9,1146.6,1130.2,1146.5,0.20000000000004547,12,12
2016-06-17,RLU16,1143,1144.4,1137.1,1139.6,-6.900000000000091,102,34
2016-06-20,RLU16,1155.7,1158.6,1147.5,1149.2,9.600000000000136,10,39
2016-06-21,RLU16,1153.6,1154.7,1148.7,1151.9,2.7000000000000455,1,40
2016-06-22,RLU16,1152.5,1157.9,1149.5,1150,-1.900000000000091,14,40
2016-06-23,RLU16,1157.6,1165.8,1157.2,1165.8,15.799999999999955,5,43
2016-06-24,RLU16,1137.8,1139.9,1120.3,1123.3,-42.5,42,36
2016-06-27,RLU16,1108.5,1109.9,1096.1,1097.8,-25.5,13,36
2016-06-28,RLU16,1111.6,1122.3,1110,1122.3,24.5,51,22
2016-06-29,RLU16,1132.1,1142.5,1130.6,1141.8,19.5,23,16
2016-06-30,RLU16,1143.9,1156.9,1140.8,1155.7,13.900000000000091,19,32
2016-07-01,RLU16,1158.9,1162.6,1157.7,1160.6,4.899999999999864,20,49
2016-07-05,RLU16,1153,1153.4,1146.7,1152.3,-8.299999999999955,20,29
2016-07-06,RLU16,1158.2,1158.2,1143.3,1158.2,5.900000000000091,,29
2016-07-07,RLU16,1153.3,1163,1152.3,1158,-0.20000000000004547,2,27
2016-07-08,RLU16,1173.8,1176.4,1153.3,1173.8,15.799999999999955,,27
2016-07-11,RLU16,1179.9,1182.6,1177.2,1179.8,6,12,30
2016-07-12,RLU16,1188.3,1190.2,1188.3,1188.3,8.5,,30
2016-07-13,RLU16,1186.6,1190.7,1184.9,1188.3,0,4,30
2016-07-14,RLU16,1192.7,1197.1,1192.6,1193.9,5.600000000000136,10,30
2016-07-15,RLU16,1195.6,1197.5,1190.1,1191.8,-2.1000000000001364,4,30
2016-07-18,RLU16,1196.2,1196.8,1194.6,1195.6,3.7999999999999545,8,30
2016-07-19,RLU16,1195,1196.2,1195,1195,-0.599999999999909,,30
2016-07-20,RLU16,1199.8,1200.8,1194.8,1200,5,5,25
2016-07-21,RLU16,1194.6,1200.4,1192.5,1194.6,-5.400000000000091,,25
2016-07-22,RLU16,1200.2,1200.9,1194.5,1200.2,5.600000000000136,,25
2016-07-25,RLU16,1196.6,1196.6,1194.1,1196.6,-3.6000000000001364,,25
2016-07-26,RLU16,1197.6,1200.4,1193.2,1197.6,1,,25
2016-07-27,RLU16,1195.7,1201.3,1193.9,1195.7,-1.8999999999998636,,25
2016-07-28,RLU16,1194.1,1200.5,1193.2,1198,2.2999999999999545,15,14
2016-07-29,RLU16,1198.2,1203.1,1195.1,1201.4,3.400000000000091,7,16
2016-08-01,RLU16,1199.6,1203.7,1197,1199.6,-1.800000000000182,,16
2016-08-02,RLU16,1188.8,1192.4,1186.2,1191.4,-8.199999999999818,5,14
2016-08-03,RLU16,1193,1195.8,1189.6,1195.6,4.199999999999818,2,14
2016-08-04,RLU16,1197.1,1198.7,1193.8,1195.9,0.3000000000001819,5,14
2016-08-05,RLU16,1201.6,1206.4,1201.6,1205.9,10,2,16
2016-08-08,RLU16,1205.3,1208.2,1204.2,1205.3,-0.6000000000001364,,16
2016-08-09,RLU16,1208.7,1209.2,1204.7,1206,0.7000000000000455,5,14
2016-08-10,RLU16,1202.6,1207.3,1201.3,1202.6,-3.400000000000091,,14
2016-08-11,RLU16,1206.4,1210.3,1204.9,1208.2,5.600000000000136,1,14
2016-08-12,RLU16,1207.1,1209.2,1205.3,1207.1,-1.1000000000001364,,14
2016-08-15,RLU16,1213.7,1214,1211.8,1211.8,4.7000000000000455,5,17
2016-08-16,RLU16,1204.7,1204.7,1204.7,1204.7,-7.099999999999909,,17
2016-08-17,RLU16,1206.4,1207.2,1199.2,1206.4,1.7000000000000455,,17
2016-08-18,RLU16,1209.5,1209.5,1206,1209.5,3.099999999999909,,17
2016-08-19,RLU16,1206.9,1208.8,1203.5,1207.9,-1.599999999999909,16,17
2016-08-22,RLU16,1207.6,1208.9,1204.2,1207.6,-0.3000000000001819,,17
2016-08-23,RLU16,1210.3,1214,1210.3,1210.3,2.7000000000000455,,17
2016-08-24,RLU16,1204,1204.7,1201.6,1203.6,-6.7000000000000455,1,16
2016-08-25,RLU16,1203.9,1206.4,1201.1,1202.3,-1.2999999999999545,15,6
2016-08-26,RLU16,1203.2,1211.1,1195.6,1200.1,-2.2000000000000455,1,6
2016-08-29,RLU16,1206.3,1208.9,1206.3,1206.3,6.2000000000000455,,6
2016-08-30,RLU16,1205.5,1208.5,1201.9,1204.1,-2.2000000000000455,5,6
2016-08-31,RLU16,1202.6,1202.6,1196.9,1202.6,-1.5,,6
2016-09-01,RLU16,1201.6,1204,1194.9,1202.4,-0.1999999999998181,1,6
2016-09-02,RLU16,1208.5,1210.7,1208.5,1208.5,6.099999999999909,,6
2016-09-06,RLU16,1209.9,1212,1205.5,1212,3.5,2,6
2016-09-07,RLU16,1212.7,1212.9,1208.4,1212.7,0.7000000000000455,,6
2016-09-08,RLU16,1210.2,1211.8,1207.7,1210,-2.7000000000000455,4,6
2016-09-09,RLU16,1192,1192.5,1179.8,1179.8,-30.200000000000045,28,10
2016-09-12,RLU16,1178,1198,1174.1,1195.9,16.100000000000136,21,26
2016-09-13,RLU16,1182,1183.2,1174.2,1176.8,-19.100000000000136,53,57
2016-09-14,RLZ16,1177.2,1182.3,1170.7,1172.2,-4.599999999999909,29,44
2016-09-15,RLZ16,1175.4,1188.2,1172,1184.1,11.899999999999864,24,28
2016-09-16,RLZ16,1178.5,1183.1,1177.4,1179.5,-4.599999999999909,18,42
2016-09-19,RLZ16,1187,1190.2,1180.1,1180.2,0.7000000000000455,5,37
2016-09-20,RLZ16,1180.3,1188.5,1180.3,1180.3,0.09999999999990905,,37
2016-09-21,RLZ16,1187.7,1196.4,1182.3,1193.1,12.799999999999955,37,44
2016-09-22,RLZ16,1201.4,1205,1201.4,1201.4,8.300000000000182,,44
2016-09-23,RLZ16,1194.6,1201.9,1194.6,1194.6,-6.800000000000182,,44
2016-09-26,RLZ16,1184.5,1184.5,1184.5,1184.5,-10.099999999999909,,44
2016-09-27,RLZ16,1191.9,1194.7,1191.9,1191.9,7.400000000000091,,44
2016-09-28,RLZ16,1198.6,1201,1189.5,1198.6,6.699999999999818,,44
2016-09-29,RLZ16,1189,1201.6,1186,1187,-11.599999999999909,5,39
2016-09-30,RLZ16,1201.7,1202.7,1199.7,1201.3,14.299999999999955,8,35
2016-10-03,RLZ16,1195,1197.4,1191.4,1197.4,-3.8999999999998636,1,36
2016-10-04,RLZ16,1194.9,1196,1185.4,1191.6,-5.800000000000182,27,30
2016-10-05,RLZ16,1197.1,1197.1,1197.1,1197.1,5.5,,30
2016-10-06,RLZ16,1197.4,1197.4,1188.9,1197.4,0.3000000000001819,,30
2016-10-07,RLZ16,1195.7,1196.7,1185.4,1193.3,-4.100000000000136,8,26
2016-10-10,RLZ16,1197.7,1199,1197.7,1199,5.7000000000000455,8,26
2016-10-11,RLZ16,1178.5,1183.7,1176.5,1183.7,-15.299999999999955,2,26
2016-10-12,RLZ16,1182.6,1185.8,1178.9,1184.6,0.8999999999998636,6,32
2016-10-13,RLZ16,1169.1,1181.7,1168.6,1180.8,-3.7999999999999545,7,28
2016-10-14,RLZ16,1185.7,1187.8,1178.4,1180.9,0.10000000000013642,10,22
2016-10-17,RLZ16,1177.3,1177.3,1173.8,1177.3,-3.6000000000001364,,22
2016-10-18,RLZ16,1185.1,1185.1,1185.1,1185.1,7.7999999999999545,,22
2016-10-19,RLZ16,1187.9,1187.9,1181.6,1187.9,2.800000000000182,,22
2016-10-20,RLZ16,1186,1186,1179.1,1186,-1.900000000000091,,22
2016-10-21,RLZ16,1178.5,1183.9,1177.1,1183.5,-2.5,6,22
2016-10-24,RLZ16,1188.8,1191.3,1188.8,1188.8,5.2999999999999545,,22
2016-10-25,RLZ16,1183.7,1183.7,1183.1,1183.7,-5.099999999999909,,22
2016-10-26,RLZ16,1180.4,1184.7,1177,1181.5,-2.2000000000000455,10,22
2016-10-27,RLZ16,1177.3,1185.2,1174.7,1177.3,-4.2000000000000455,,22
2016-10-28,RLZ16,1174.3,1181.4,1169.7,1173.8,-3.5,34,18
2016-10-31,RLZ16,1174.5,1177.2,1173.5,1174.5,0.7000000000000455,,18
2016-11-01,RLZ16,1165.2,1175.6,1158,1165.2,-9.299999999999955,,18
2016-11-02,RLZ16,1157,1165.5,1155.3,1157,-8.200000000000045,,18
2016-11-03,RLZ16,1151.7,1160.4,1151,1151.7,-5.2999999999999545,,18
2016-11-04,RLZ16,1150.3,1159,1150.3,1150.3,-1.400000000000091,,18
2016-11-07,RLZ16,1175.3,1178.2,1175.3,1175.3,25,,18
2016-11-08,RLZ16,1179.5,1185.7,1172.7,1179.5,4.2000000000000455,,18
2016-11-09,RLZ16,1179.5,1199.2,1174.8,1193.8,14.299999999999955,12,26
2016-11-10,RLZ16,1195.2,1206.6,1189.7,1196.5,2.7000000000000455,26,32
2016-11-11,RLZ16,1194.5,1196.7,1194.5,1195.8,-0.7000000000000455,26,32
2016-11-14,RLZ16,1201.8,1202.4,1194.5,1197.5,1.7000000000000455,5,27
2016-11-15,RLZ16,1206.2,1208.8,1206.2,1206.2,8.700000000000045,,27
2016-11-16,RLZ16,1204.4,1208,1204.3,1204.4,-1.7999999999999545,,27
2016-11-17,RLZ16,1210.3,1213.6,1210.3,1210.3,5.899999999999864,,27
2016-11-18,RLZ16,1213.5,1214.8,1207.8,1207.8,-2.5,7,22
2016-11-21,RLZ16,1218,1219.5,1217.1,1217.1,9.299999999999955,5,18
2016-11-22,RLZ16,1219.6,1222.6,1219.1,1219.9,2.800000000000182,2,19
2016-11-23,RLZ16,1219.5,1223,1217.3,1221.1,1.199999999999818,6,19
2016-11-25,RLZ16,1224.7,1227.4,1224.7,1226,4.900000000000091,4,19
2016-11-28,RLZ16,1224,1226.6,1220.8,1224,-2,,19
2016-11-29,RLZ16,1225.2,1226.3,1219.6,1225.2,1.2000000000000455,,19
2016-11-30,RLZ16,1217.5,1228.5,1217.5,1217.5,-7.7000000000000455,,19
2016-12-01,RLZ16,1221,1222.6,1212.1,1212.1,-5.400000000000091,17,28
2016-12-02,RLZ16,1212.5,1219.5,1212.5,1212.5,0.40000000000009095,,28
2016-12-05,RLZ16,1222.8,1226.2,1220.2,1220.2,7.7000000000000455,1,28
2016-12-06,RLZ16,1224.4,1228.8,1222.4,1225.2,5,19,29
2016-12-07,RLZ16,1227.8,1244.4,1227,1241.2,16,32,54
2016-12-08,RLZ16,1244.1,1250.6,1243,1245,3.7999999999999545,43,70
2016-12-09,RLZ16,1250.4,1254.2,1249.7,1251.8,6.7999999999999545,88,95
2016-12-12,RLZ16,1252.9,1252.9,1251.5,1252.5,0.7000000000000455,108,135
2016-12-13,RLH17,1257.4,1260.6,1253.6,1257.9,5.400000000000091,365,216
2016-12-14,RLH17,1256.1,1258.7,1244.3,1247.6,-10.300000000000182,52,209
2016-12-15,RLH17,1248.8,1257.2,1247.4,1252.9,5.300000000000182,129,53
2016-12-16,RLH17,1254.1,1255.1,1248.2,1251.1,-1.800000000000182,28,43
2016-12-19,RLH17,1254.3,1255.1,1250.2,1253.9,2.800000000000182,18,45
2016-12-20,RLH17,1256.4,1258.6,1254.9,1258.6,4.699999999999818,1,44
2016-12-21,RLH17,1256,1256.6,1254.4,1255.5,-3.099999999999909,1,45
2016-12-22,RLH17,1249.6,1252.3,1249.1,1252.3,-3.2000000000000455,3,47
2016-12-23,RLH17,1251.4,1254.1,1251,1254.1,1.7999999999999545,12,51
2016-12-27,RLH17,1258.3,1259,1256.4,1257.1,3,5,52
2016-12-28,RLH17,1257.5,1257.9,1245.2,1246.7,-10.399999999999864,17,43
2016-12-29,RLH17,1248.1,1248.4,1242.8,1246.1,-0.6000000000001364,11,53
2016-12-30,RLH17,1248.2,1248.3,1237.2,1238.5,-7.599999999999909,34,19
2017-01-03,RLH17,1249,1253.2,1242.5,1248.7,10.200000000000045,138,30
2017-01-04,RLH17,1255.6,1259.2,1253.7,1257.8,9.099999999999909,110,49
2017-01-05,RLH17,1257.4,1258.3,1252,1256.6,-1.2000000000000455,57,23
2017-01-06,RLH17,1257.1,1264,1254.7,1260.4,3.800000000000182,3,24
2017-01-09,RLH17,1257.8,1260.2,1255.7,1255.7,-4.7000000000000455,7,23
2017-01-10,RLH17,1256.1,1262.6,1255.1,1256.2,0.5,7,26
2017-01-11,RLH17,1256.9,1260.6,1253.3,1259.2,3,29,43
2017-01-12,RLH17,1256.8,1258.5,1248.9,1256.6,-2.6000000000001364,24,34
2017-01-13,RLH17,1260.3,1263,1259.1,1262.4,5.800000000000182,37,6
2017-01-17,RLH17,1258.3,1259,1253.4,1258.3,-4.100000000000136,33,25
2017-01-18,RLH17,1256.3,1261.1,1253.8,1261.1,2.7999999999999545,7,23
2017-01-19,RLH17,1259.6,1260.3,1251.1,1256.6,-4.5,9,22
2017-01-20,RLH17,1260.1,1261.3,1254.9,1260.3,3.7000000000000455,24,30
2017-01-23,RLH17,1257.7,1258.4,1250.4,1257.5,-2.7999999999999545,22,13
2017-01-24,RLH17,1260.8,1266.4,1256.6,1266.4,8.900000000000091,21,24
2017-01-25,RLH17,1268.6,1276.7,1268.6,1276.7,10.299999999999955,7,30
2017-01-26,RLH17,1273.6,1275.7,1271.6,1275.7,-1,23,22
2017-01-27,RLH17,1272.1,1274.3,1269.8,1274.3,-1.400000000000091,1,21
2017-01-30,RLH17,1264.4,1266.6,1255.9,1266.6,-7.7000000000000455,16,8
2017-01-31,RLH17,1260,1262.8,1256.3,1261.7,-4.899999999999864,8,9
2017-02-01,RLH17,1265.1,1268.8,1259.2,1261.9,0.20000000000004547,30,32
2017-02-02,RLH17,1260.8,1266,1258.8,1262.9,1,49,60
2017-02-03,RLH17,1269.2,1274.3,1268.3,1272.7,9.799999999999955,42,93
2017-02-06,RLH17,1271.6,1273.2,1269,1270.6,-2.1000000000001364,16,105
2017-02-07,RLH17,1274,1274.8,1269.7,1271.2,0.6000000000001364,28,127
2017-02-08,RLH17,1267.5,1273,1267.1,1272.4,1.2000000000000455,23,133
2017-02-09,RLH17,1274.2,1281.9,1274.2,1280.3,7.899999999999864,19,144
2017-02-10,RLH17,1282.8,1286.5,1282,1285,4.7000000000000455,19,154
2017-02-13,RLH17,1289.3,1293.3,1288.5,1291.6,6.599999999999909,33,169
2017-02-14,RLH17,1291,1296.8,1288.8,1296.8,5.2000000000000455,56,141
2017-02-15,RLH17,1296.1,1304.3,1295.6,1303.4,6.600000000000136,27,130
2017-02-16,RLH17,1304.1,1304.6,1297.5,1302.4,-1,38,115
2017-02-17,RLH17,1298.3,1304.6,1297.8,1304.6,2.199999999999818,58,101
2017-02-21,RLH17,1308.7,1312.7,1308,1312.6,8,93,78
2017-02-22,RLH17,1310.3,1312,1308.6,1310.9,-1.699999999999818,15,79
2017-02-23,RLH17,1312.3,1313.6,1305.8,1310.7,-0.20000000000004547,25,77
2017-02-24,RLH17,1304.8,1313.2,1304.7,1313.2,2.5,66,75
2017-02-27,RLH17,1311.4,1315.8,1310.3,1315.8,2.599999999999909,36,82
2017-02-28,RLH17,1312.2,1313.2,1308.2,1310.5,-5.2999999999999545,32,80
2017-03-01,RLH17,1321.9,1330.9,1321.5,1328,17.5,72,81
2017-03-02,RLH17,1324.9,1326.1,1319.2,1319.9,-8.099999999999909,61,62
2017-03-03,RLH17,1317.8,1321.6,1316.8,1320.7,0.7999999999999545,59,63
2017-03-06,RLH17,1315.3,1318.2,1312.6,1316.9,-3.7999999999999545,24,62
2017-03-07,RLH17,1314.2,1316.4,1310.9,1312.2,-4.7000000000000455,71,31
2017-03-08,RLH17,1313.9,1315.4,1308.3,1309.1,-3.1000000000001364,88,46
2017-03-09,RLH17,1309.4,1312.7,1304.1,1309.6,0.5,105,23
2017-03-10,RLH17,1315,1316.4,1308.8,1313.9,4.300000000000182,55,20
2017-03-13,RLM17,1312.1,1314.4,1311.1,1311.2,-2.7000000000000455,143,133
2017-03-14,RLM17,1307.5,1309.7,1305.1,1306.4,-4.7999999999999545,17,133
2017-03-15,RLM17,1311.8,1323.1,1311.6,1317.7,11.299999999999955,15,125
2017-03-16,RLM17,1321.5,1322.1,1316,1316,-1.7000000000000455,7,117
2017-03-17,RLM17,1319.2,1320.9,1314.8,1314.8,-1.2000000000000455,62,134
2017-03-20,RLM17,1314.3,1317.4,1311.5,1311.6,-3.2000000000000455,296,374
2017-03-21,RLM17,1317.6,1318.3,1294.6,1294.6,-17,100,396
2017-03-22,RLM17,1295.5,1300.5,1292.1,1296.9,2.300000000000182,282,342
2017-03-23,RLM17,1296.6,1305.2,1295.8,1295.8,-1.1000000000001364,104,338
2017-03-24,RLM17,1300.4,1303.6,1292.4,1294.9,-0.8999999999998636,82,341
2017-03-27,RLM17,1286.9,1297.3,1284.4,1293.5,-1.400000000000091,161,395
2017-03-28,RLM17,1295.1,1308.1,1293.5,1302.7,9.200000000000045,46,413
2017-03-29,RLM17,1303.5,1308,1302,1304,1.2999999999999545,161,359
2017-03-30,RLM17,1306.8,1311.9,1305.5,1307.8,3.7999999999999545,18,354
2017-03-31,RLM17,1310.9,1312.1,1307.7,1307.7,-0.09999999999990905,32,368
2017-04-03,RLM17,1308.7,1309.6,1297.9,1305,-2.7000000000000455,108,434
2017-04-04,RLM17,1302.9,1306.3,1301.3,1305.7,0.7000000000000455,10,439
2017-04-05,RLM17,1310,1316.1,1300.3,1301.4,-4.2999999999999545,110,404
2017-04-06,RLM17,1301.7,1308.6,1299.6,1305.1,3.699999999999818,26,410
2017-04-07,RLM17,1303.2,1308.5,1301,1304,-1.099999999999909,31,413
2017-04-10,RLM17,1303,1310.4,1302.2,1305.3,1.2999999999999545,6,413
2017-04-11,RLM17,1303,1304.1,1294.6,1304,-1.2999999999999545,56,432
2017-04-12,RLM17,1302.2,1303.6,1296.9,1299,-5,84,420
2017-04-13,RLM17,1295.6,1300.3,1289.8,1289.8,-9.200000000000045,64,450
2017-04-17,RLM17,1293.2,1300.8,1291.3,1300.7,10.900000000000091,20,450
2017-04-18,RLM17,1295.2,1300.3,1292.7,1297.5,-3.2000000000000455,32,452
2017-04-19,RLM17,1302.1,1303.2,1294,1295.1,-2.400000000000091,19,448
2017-04-20,RLM17,1300.1,1308.3,1297.3,1304.9,9.800000000000182,61,396
2017-04-21,RLM17,1305.4,1305.6,1299.5,1301,-3.900000000000091,59,372
2017-04-24,RLM17,1315.1,1317.1,1312.7,1314.7,13.700000000000045,71,335
2017-04-25,RLM17,1319.6,1325.6,1319.3,1322.7,8,20,330
2017-04-26,RLM17,1323.3,1328.8,1322.1,1322.1,-0.6000000000001364,40,322
2017-04-27,RLM17,1324.2,1325.9,1320.7,1322.5,0.40000000000009095,20,339
2017-04-28,RLM17,1323.9,1324.4,1319.7,1320.3,-2.2000000000000455,38,332
2017-05-01,RLM17,1323,1326.6,1320.7,1322.7,2.400000000000091,78,351
2017-05-02,RLM17,1324.9,1325.4,1321.7,1323.5,0.7999999999999545,42,380
2017-05-03,RLM17,1321,1323.1,1317.8,1321.7,-1.7999999999999545,98,457
2017-05-04,RLM17,1323,1323.3,1317.1,1322,0.2999999999999545,31,448
2017-05-05,RLM17,1324.9,1328.3,1322.5,1328.3,6.2999999999999545,19,450
2017-05-08,RLM17,1329.4,1329.6,1325,1328.1,-0.20000000000004547,34,434
2017-05-09,RLM17,1329.1,1330.3,1324.6,1327.3,-0.7999999999999545,52,398
2017-05-10,RLM17,1325.9,1328.9,1325.1,1328.9,1.6000000000001364,73,373
2017-05-11,RLM17,1326.3,1326.6,1318.6,1325.6,-3.300000000000182,56,357
2017-05-12,RLM17,1322.3,1324.2,1321.8,1323.6,-2,7,356
2017-05-15,RLM17,1326.7,1331.5,1326.5,1330.4,6.800000000000182,27,354
2017-05-16,RLM17,1331.2,1333.1,1326.7,1329.3,-1.1000000000001364,27,349
2017-05-17,RLM17,1320.1,1320.5,1305.3,1305.3,-24,56,348
2017-05-18,RLM17,1303.2,1315.4,1302.9,1310.4,5.100000000000136,61,349
2017-05-19,RLM17,1314.3,1323.4,1313.8,1319.1,8.699999999999818,36,346
2017-05-22,RLM17,1323.7,1327.1,1322.4,1326.2,7.100000000000136,53,320
2017-05-23,RLM17,1327.8,1330,1326,1328.5,2.2999999999999545,11,318
2017-05-24,RLM17,1330.1,1332.5,1328.3,1332.1,3.599999999999909,39,309
2017-05-25,RLM17,1334.4,1339.6,1334.4,1337.3,5.2000000000000455,39,309
2017-05-26,RLM17,1336.5,1338.4,1336.2,1337.7,0.40000000000009095,20,306
2017-05-30,RLM17,1335.3,1337.6,1334.4,1336,-1.7000000000000455,66,267
2017-05-31,RLM17,1338,1338,1330.7,1336,0,74,263
2017-06-01,RLM17,1338.8,1347,1337.3,1347,11,71,259
2017-06-02,RLM17,1347.6,1352.6,1345.7,1352.6,5.599999999999909,32,262
2017-06-05,RLM17,1350.5,1351.8,1349,1351.5,-1.099999999999909,8,261
2017-06-06,RLM17,1346.1,1349.8,1345.2,1347.7,-3.7999999999999545,101,198
2017-06-07,RLM17,1347.4,1349.2,1343.5,1349.2,1.5,68,189
2017-06-08,RLM17,1347.5,1351.5,1345.3,1350,0.7999999999999545,58,182
2017-06-09,RLM17,1350.7,1355.4,1338.8,1348.6,-1.400000000000091,106,211
2017-06-12,RLM17,1344.1,1348.1,1341,1348.1,-0.5,53,230
2017-06-13,RLM17,1349.7,1353.4,1348.4,1353.1,5,85,267
2017-06-14,RLM17,1353.7,1354,1346,1351.6,-1.5,138,200
2017-06-15,RLU17,1342.2,1347.8,1340,1346.9,-4.699999999999818,9,41
2017-06-16,RLU17,1346.9,1347.2,1342,1344.9,-2,54,23
2017-06-19,RLU17,1352.2,1358.9,1352.2,1356.5,11.599999999999909,175,132
2017-06-20,RLU17,1355.5,1356.2,1349,1350.4,-6.099999999999909,68,146
2017-06-21,RLU17,1351.2,1352.2,1345.6,1349.1,-1.300000000000182,58,137
2017-06-22,RLU17,1347.8,1351.5,1346.7,1348.9,-0.1999999999998181,68,102
2017-06-23,RLU17,1348.3,1351.7,1346.1,1349.4,0.5,52,99
2017-06-26,RLU17,1352.2,1356.7,1349.2,1349.7,0.2999999999999545,124,60
2017-06-27,RLU17,1347.9,1351.6,1338.7,1338.7,-11,125,96
2017-06-28,RLU17,1345.5,1352.5,1345.5,1349.8,11.099999999999909,27,94
2017-06-29,RLU17,1350.9,1352.5,1332,1338.6,-11.200000000000045,136,122
2017-06-30,RLU17,1345.3,1347.3,1340.9,1341.4,2.800000000000182,47,122
2017-07-03,RLU17,1348.6,1351.1,1340.8,1344.6,3.199999999999818,56,122
2017-07-05,RLU17,1346.7,1349.1,1341.9,1349.1,4.5,61,120
2017-07-06,RLU17,1342.1,1342.6,1332.9,1332.9,-16.199999999999818,64,138
2017-07-07,RLU17,1335.5,1343.9,1335.5,1341.3,8.399999999999864,73,146
2017-07-10,RLU17,1341.5,1346.2,1341.4,1342.2,0.900000000000091,55,153
2017-07-11,RLU17,1343.6,1345.4,1336.2,1343,0.7999999999999545,77,158
2017-07-12,RLU17,1350.7,1354.6,1350.7,1352.3,9.299999999999955,139,150
2017-07-13,RLU17,1353.8,1356.3,1352,1354.9,2.6000000000001364,83,167
2017-07-14,RLU17,1357.6,1364.2,1356.9,1361.2,6.2999999999999545,61,167
2017-07-17,RLU17,1361.4,1363.8,1360.6,1361.4,0.20000000000004547,93,178
2017-07-18,RLU17,1359.1,1362.3,1356.9,1361.9,0.5,42,177
2017-07-19,RLU17,1364.7,1370.7,1364.6,1369.8,7.899999999999864,112,179
2017-07-20,RLU17,1371.5,1372,1366.8,1369.3,-0.5,121,236
2017-07-21,RLU17,1367.3,1368.9,1365.2,1368.8,-0.5,104,262
2017-07-24,RLU17,1368.3,1370.1,1366.1,1367.9,-0.8999999999998636,194,387
2017-07-25,RLU17,1370.7,1374.7,1370.7,1372.1,4.199999999999818,175,392
2017-07-26,RLU17,1374,1374.5,1370.9,1371.7,-0.3999999999998636,120,404
2017-07-27,RLU17,1374,1374.7,1361.9,1369.9,-1.7999999999999545,178,441
2017-07-28,RLU17,1366.6,1368.9,1364.5,1368.4,-1.5,153,480
2017-07-31,RLU17,1370.9,1371.4,1365.9,1368,-0.40000000000009095,139,466
2017-08-01,RLU17,1372,1373.9,1367.8,1370.8,2.7999999999999545,96,477
2017-08-02,RLU17,1371.7,1371.7,1364.4,1370.5,-0.2999999999999545,170,471
2017-08-03,RLU17,1369.8,1370.1,1366.3,1367.7,-2.7999999999999545,126,465
2017-08-04,RLU17,1370.7,1372.2,1368.2,1370.7,3,69,465
2017-08-07,RLU17,1370.5,1373.3,1369.9,1373.3,2.599999999999909,23,472
2017-08-08,RLU17,1370.9,1378.6,1367,1369.9,-3.3999999999998636,159,509
2017-08-09,RLU17,1364,1369.5,1362.5,1369.5,-0.40000000000009095,146,542
2017-08-10,RLU17,1363,1363.9,1348.4,1349.4,-20.09999999999991,360,458
2017-08-11,RLU17,1350.2,1353.9,1348.3,1351.4,2,260,502
2017-08-14,RLU17,1360,1365.4,1360,1365.3,13.899999999999864,175,542
2017-08-15,RLU17,1365.2,1366.5,1361.8,1363.6,-1.7000000000000455,102,585
2017-08-16,RLU17,1366.5,1369.4,1363.4,1365.9,2.300000000000182,265,614
2017-08-17,RLU17,1362.2,1364.3,1345,1345,-20.90000000000009,212,613
2017-08-18,RLU17,1342.2,1350.2,1339.4,1342.2,-2.7999999999999545,198,634
2017-08-21,RLU17,1341.4,1344.7,1337.7,1343.6,1.3999999999998636,199,588
2017-08-22,RLU17,1347.6,1358.2,1347.6,1357.4,13.800000000000182,69,586
2017-08-23,RLU17,1352.2,1355.4,1350.4,1351.4,-6,165,571
2017-08-24,RLU17,1354.9,1356.3,1348.5,1351.1,-0.3000000000001819,236,595
2017-08-25,RLU17,1354.7,1358.7,1352.3,1355,3.900000000000091,172,636
2017-08-28,RLU17,1355.7,1355.9,1350.3,1352.7,-2.2999999999999545,88,680
2017-08-29,RLU17,1346.1,1355.6,1344.5,1354.3,1.599999999999909,140,740
2017-08-30,RLU17,1354.2,1362.3,1353,1360.1,5.7999999999999545,325,812
2017-08-31,RLU17,1364.4,1371.2,1364.4,1369.8,9.700000000000045,62,855
2017-09-01,RLU17,1372,1374.4,1371,1371.5,1.7000000000000455,17,854
2017-09-05,RLU17,1369.6,1369.8,1355.4,1362,-9.5,478,902
2017-09-06,RLU17,1366.6,1367.2,1362.1,1366.3,4.2999999999999545,268,888
2017-09-07,RLU17,1367,1367,1362.4,1365.9,-0.3999999999998636,144,884
2017-09-08,RLZ17,1364,1364.4,1361.3,1363.3,-2.6000000000001364,3567,4232
2017-09-11,RLZ17,1372.6,1378.1,1372.6,1377.1,13.799999999999955,1023,5005
2017-09-12,RLZ17,1379.9,1381.9,1378.9,1381.7,4.600000000000136,8120,11712
2017-09-13,RLZ17,1380.4,1383,1379.9,1383,1.2999999999999545,1070,15356
2017-09-14,RLZ17,1381.2,1383.3,1379.5,1382.1,-0.900000000000091,680,12087
2017-09-15,RLZ17,1381.1,1385.2,1380.9,1384.1,2,389,7873
2017-09-18,RLZ17,1386.4,1389.5,1385.2,1387.3,3.2000000000000455,100,7964
2017-09-19,RLZ17,1387.3,1389,1386.7,1388.8,1.5,1152,8386
2017-09-20,RLZ17,1388.8,1392.2,1383.1,1390.2,1.400000000000091,91,8422
2017-09-21,RLZ17,1388.4,1388.6,1384.7,1386.2,-4,53,8453
2017-09-22,RLZ17,1383.2,1387.2,1383.1,1387.2,1,792,8349
2017-09-25,RLZ17,1384.9,1386.3,1378.6,1384.7,-2.5,74,8352
2017-09-26,RLZ17,1386.4,1387,1382.6,1383.9,-0.7999999999999545,23,8344
2017-09-27,RLZ17,1389.2,1391.5,1382.8,1389.1,5.199999999999818,46,8359
2017-09-28,RLZ17,1388.8,1391.4,1387,1390.8,1.7000000000000455,89,8372
2017-09-29,RLZ17,1391.3,1396.3,1390.2,1395.9,5.100000000000136,189,8436
2017-10-02,RLZ17,1397.6,1401.7,1397.4,1401.7,5.7999999999999545,329,8595
2017-10-03,RLZ17,1401.8,1405.5,1401.7,1405.1,3.3999999999998636,14,8597
2017-10-04,RLZ17,1404.8,1408.3,1403.7,1407.1,2,86,8563
2017-10-05,RLZ17,1408.5,1414.9,1408.4,1414.9,7.800000000000182,153,8547
2017-10-06,RLZ17,1411.7,1413.7,1410.6,1413.7,-1.2000000000000455,8,8544
2017-10-09,RLZ17,1414.7,1414.9,1409.4,1411.2,-2.5,111,8550
2017-10-10,RLZ17,1414.2,1416.9,1411.2,1413.7,2.5,135,8553
2017-10-11,RLZ17,1413.1,1415.9,1412.4,1415.9,2.2000000000000455,18,8552
2017-10-12,RLZ17,1414.3,1416.2,1402.5,1402.5,-13.400000000000091,34,8557
2017-10-13,RLZ17,1415.3,1417.5,1413,1413,10.5,175,8512
2017-10-16,RLZ17,1417.7,1418.5,1414.7,1415.6,2.599999999999909,43,8531
2017-10-17,RLZ17,1417.5,1418.2,1415.5,1418.2,2.6000000000001364,130,8501
2017-10-18,RLZ17,1419,1420.5,1418.2,1420.1,1.8999999999998636,56,8496
2017-10-19,RLZ17,1415.6,1420.1,1411.2,1420.1,0,86,8491
2017-10-20,RLZ17,1423.3,1427.6,1423,1427.6,7.5,406,8656
2017-10-23,RLZ17,1427.5,1427.9,1420.2,1420.7,-6.899999999999864,427,8737
2017-10-24,RLZ17,1422.5,1424.7,1421.3,1423.8,3.099999999999909,117,8727
2017-10-25,RLZ17,1421.6,1421.7,1408.7,1419,-4.7999999999999545,716,8776
2017-10-26,RLZ17,1418.6,1421.3,1417.2,1419.6,0.599999999999909,380,8844
2017-10-27,RLZ17,1422.9,1429.7,1420.2,1429,9.400000000000091,710,9025
2017-10-30,RLZ17,1425.4,1428.4,1421.9,1423,-6,599,8767
2017-10-31,RLZ17,1425.8,1427.5,1424.1,1425.8,2.7999999999999545,680,8597
2017-11-01,RLZ17,1430.6,1433.2,1425.2,1426.4,0.6000000000001364,679,8613
2017-11-02,RLZ17,1427.2,1428.8,1420.7,1428,1.599999999999909,482,8566
2017-11-03,RLZ17,1427.3,1432.7,1426.4,1431.5,3.5,377,8436
2017-11-06,RLZ17,1431.4,1435.7,1431.4,1435,3.5,355,8347
2017-11-07,RLZ17,1435.6,1437.5,1430.2,1433.2,-1.7999999999999545,301,8272
2017-11-08,RLZ17,1431.7,1436.2,1430.5,1435.9,2.7000000000000455,305,8264
2017-11-09,RLZ17,1428.4,1431.6,1420.4,1431.6,-4.300000000000182,360,8296
2017-11-10,RLZ17,1427.5,1430.7,1426,1429.3,-2.2999999999999545,230,8264
2017-11-13,RLZ17,1425.9,1432.4,1424.4,1430.7,1.400000000000091,81,8255
2017-11-14,RLZ17,1426.2,1428.4,1421.6,1428.1,-2.6000000000001364,367,8212
2017-11-15,RLZ17,1421.5,1424.7,1415.8,1421.5,-6.599999999999909,221,8236
2017-11-16,RLZ17,1427.4,1434.9,1427.1,1432.8,11.299999999999955,241,8214
2017-11-17,RLZ17,1430.2,1432.1,1428.8,1428.8,-4,462,8147
2017-11-20,RLZ17,1431,1433.1,1429.6,1432.3,3.5,242,8202
2017-11-21,RLZ17,1437.2,1442.2,1437.2,1441.7,9.400000000000091,271,8217
2017-11-22,RLZ17,1441.7,1442.2,1439.3,1440.9,-0.7999999999999545,208,8282
2017-11-24,RLZ17,1443.2,1445.4,1442.3,1444.5,3.599999999999909,63,8269
2017-11-27,RLZ17,1443.4,1445.1,1441,1443,-1.5,175,8236
2017-11-28,RLZ17,1444.8,1456.8,1444.3,1456.6,13.599999999999909,689,8300
2017-11-29,RLZ17,1457.2,1461.2,1452.7,1456.3,-0.2999999999999545,438,8358
2017-11-30,RLZ17,1461.7,1473.3,1461,1467.8,11.5,1812,9683
2017-12-01,RLZ17,1466.2,1469.1,1443.4,1465.4,-2.3999999999998636,744,8165
2017-12-04,RLZ17,1468.2,1477.7,1462.4,1462.6,-2.800000000000182,535,8166
2017-12-05,RLZ17,1463.7,1467.7,1456.2,1456.4,-6.199999999999818,782,8113
2017-12-06,RLZ17,1455.8,1459.1,1454,1456.3,-0.10000000000013642,942,8435
2017-12-07,RLZ17,1455.1,1463.7,1454.8,1462.5,6.2000000000000455,276,8491
2017-12-08,RLZ17,1467.5,1469.6,1465.2,1468.9,6.400000000000091,7197,8851
2017-12-11,RLH18,1471.5,1475.9,1471.2,1475.4,6.5,8855,9086
2017-12-12,RLH18,1476,1480,1475.4,1477.7,2.2999999999999545,587,9014
2017-12-13,RLH18,1480.8,1481.6,1476.4,1478.3,0.599999999999909,268,9085
2017-12-14,RLH18,1478.5,1479.2,1470.2,1471.6,-6.7000000000000455,1025,9496
2017-12-15,RLH18,1477.4,1485.4,1471.9,1471.9,0.3000000000001819,99,7212
2017-12-18,RLH18,1490.5,1494.1,1490.3,1492,20.09999999999991,797,7198
2017-12-19,RLH18,1492.3,1493.9,1486.5,1486.8,-5.2000000000000455,176,7249
2017-12-20,RLH18,1491.1,1492,1484,1485.9,-0.8999999999998636,294,7315
2017-12-21,RLH18,1488.5,1492.8,1487.5,1488.9,3,211,7269
2017-12-22,RLH18,1488.2,1489,1485.5,1489,0.09999999999990905,94,7263
2017-12-26,RLH18,1486.3,1487.8,1485.5,1487.8,-1.2000000000000455,40,7260
2017-12-27,RLH18,1487.9,1490,1486.3,1487.8,0,171,7287
2017-12-28,RLH18,1488.5,1490.8,1487.8,1489,1.2000000000000455,224,7353
2017-12-29,RLH18,1493.2,1493.6,1480,1482.2,-6.7999999999999545,638,7141
2018-01-02,RLH18,1488.2,1495,1486.9,1492.5,10.299999999999955,189,7158
2018-01-03,RLH18,1497.6,1504.7,1497.6,1503.6,11.099999999999909,148,7174
2018-01-04,RLH18,1507.3,1512.4,1507.2,1509.3,5.7000000000000455,534,7351
2018-01-05,RLH18,1514.8,1519.4,1511.4,1519.2,9.900000000000091,715,7465
2018-01-08,RLH18,1519.6,1522.1,1516.1,1521.4,2.2000000000000455,513,7716
2018-01-09,RLH18,1522.8,1528.3,1522.2,1524.1,2.699999999999818,386,7676
2018-01-10,RLH18,1519.5,1523.3,1515,1522.5,-1.599999999999909,310,7599
2018-01-11,RLH18,1524.2,1533.9,1523.9,1533.9,11.400000000000091,529,7526
2018-01-12,RLH18,1535.6,1543.7,1534.2,1543.7,9.799999999999955,336,7547
2018-01-16,RLH18,1548.1,1554.3,1532.9,1539.7,-4,855,7508
2018-01-17,RLH18,1541.4,1554.1,1538.3,1550.6,10.899999999999864,771,7583
2018-01-18,RLH18,1549.4,1553.4,1546.1,1546.6,-4,563,7598
2018-01-19,RLH18,1552.4,1557.5,1549.4,1555.5,8.900000000000091,371,7686
2018-01-22,RLH18,1555.2,1569.3,1554.7,1569.1,13.599999999999909,364,7606
2018-01-23,RLH18,1568.5,1574.2,1567.6,1571.9,2.800000000000182,486,7573
2018-01-24,RLH18,1577.3,1580.2,1564.3,1572.5,0.599999999999909,529,7581
2018-01-25,RLH18,1576.5,1577.1,1567,1572.6,0.09999999999990905,474,7628
2018-01-26,RLH18,1575.4,1590.1,1574.8,1590.1,17.5,543,7735
2018-01-29,RLH18,1585.9,1588.4,1577.5,1578.2,-11.899999999999864,1309,8350
2018-01-30,RLH18,1567.9,1569.9,1559.1,1562.2,-16,635,8456
2018-01-31,RLH18,1568.6,1570.3,1555.6,1561.6,-0.6000000000001364,1317,8441
2018-02-01,RLH18,1558.1,1568.4,1554.2,1561.1,-0.5,1041,8517
2018-02-02,RLH18,1551.9,1552.2,1525.2,1525.7,-35.399999999999864,705,8516
2018-02-05,RLH18,1515.3,1528.4,1444.4,1447.2,-78.5,521,8568
2018-02-06,RLH18,1440,1493.1,1429.8,1489.9,42.700000000000045,278,8589
2018-02-07,RLH18,1485.3,1508.2,1477.3,1477.3,-12.600000000000136,1206,8498
2018-02-08,RLH18,1484.2,1485.7,1427.9,1435.5,-41.799999999999955,1258,8502
2018-02-09,RLH18,1443.1,1459.1,1400.9,1448.1,12.599999999999909,1143,8410
2018-02-12,RLH18,1462.8,1477.7,1449.9,1468.4,20.300000000000182,402,8431
2018-02-13,RLH18,1462,1475.9,1458.3,1472.5,4.099999999999909,123,8418
2018-02-14,RLH18,1465.6,1495.3,1465.6,1493.6,21.09999999999991,188,8402
2018-02-15,RLH18,1501.5,1512.8,1489,1510.8,17.200000000000045,128,8375
2018-02-16,RLH18,1510.2,1524.5,1509,1513.6,2.7999999999999545,271,8470
2018-02-20,RLH18,1509.9,1515.2,1498.1,1503.5,-10.099999999999909,395,8379
2018-02-21,RLH18,1507.8,1520.8,1492.3,1495.5,-8,180,8406
2018-02-22,RLH18,1502.3,1511.3,1492.8,1496.3,0.7999999999999545,142,8432
2018-02-23,RLH18,1504.2,1520.5,1501.6,1519.8,23.5,111,8388
2018-02-26,RLH18,1529.7,1538.7,1522.6,1536.5,16.700000000000045,107,8385
2018-02-27,RLH18,1537.7,1542,1516.1,1517.5,-19,325,8491
2018-02-28,RLH18,1523.5,1526.5,1500.7,1500.9,-16.59999999999991,257,8511
2018-03-01,RLH18,1503,1510,1471.4,1482,-18.90000000000009,1114,8544
2018-03-02,RLH18,1472.2,1493.2,1465.5,1491,9,361,8377
2018-03-05,RLH18,1482.8,1510.9,1482.4,1508.3,17.299999999999955,393,8323
2018-03-06,RLH18,1512.5,1513.2,1502.4,1511.6,3.2999999999999545,209,8296
2018-03-07,RLH18,1506.5,1513.9,1498.3,1511.8,0.20000000000004547,1062,8625
2018-03-08,RLH18,1516.5,1519,1509.2,1517.9,6.100000000000136,148,8617
2018-03-09,RLM18,1530.7,1547.7,1528.2,1546.9,29,13649,11739
2018-03-12,RLM18,1552.2,1552.2,1543.1,1546,-0.900000000000091,2772,10685
2018-03-13,RLM18,1552.5,1554.6,1531.7,1536.1,-9.900000000000091,2676,10560
2018-03-14,RLM18,1540.7,1541.1,1524.7,1527.1,-9,846,10925
2018-03-15,RLM18,1526.3,1534,1522.4,1524.9,-2.199999999999818,819,11010
2018-03-16,RLM18,1529.8,1533.3,1526.8,1527.6,2.699999999999818,177,8207
2018-03-19,RLM18,1519.8,1520,1496,1506.6,-21,447,8056
2018-03-20,RLM18,1510.3,1512.3,1504.5,1508.2,1.6000000000001364,224,8051
2018-03-21,RLM18,1507.9,1520.2,1504.8,1506.3,-1.900000000000091,228,8027
2018-03-22,RLM18,1492.8,1497.1,1466.7,1467.9,-38.399999999999864,463,7981
2018-03-23,RLM18,1472.9,1474.9,1435.9,1437.9,-30,402,7959
2018-03-26,RLM18,1464.6,1477.4,1444.5,1476.6,38.69999999999982,412,8013
2018-03-27,RLM18,1478.6,1483.9,1440.9,1449.6,-27,295,7956
2018-03-28,RLM18,1444.9,1460.4,1438.9,1446.1,-3.5,368,7994
2018-03-29,RLM18,1455.5,1475.4,1448.4,1467.8,21.700000000000045,173,8000
2018-04-02,RLM18,1460.6,1463.8,1416.8,1431.7,-36.09999999999991,519,8244
2018-04-03,RLM18,1439,1452.7,1428.9,1450.6,18.899999999999864,287,8210
2018-04-04,RLM18,1429,1469.3,1428.3,1466.3,15.700000000000045,253,8205
2018-04-05,RLM18,1474.3,1481.9,1469.5,1477.2,10.900000000000091,224,8171
2018-04-06,RLM18,1466.7,1473.6,1434,1444.8,-32.40000000000009,346,8166
2018-04-09,RLM18,1452.7,1471.3,1448.4,1449.1,4.2999999999999545,454,8195
2018-04-10,RLM18,1465.8,1478.3,1462.2,1472.9,23.800000000000182,1682,9431
2018-04-11,RLM18,1465.7,1476.3,1464.3,1466.2,-6.7000000000000455,526,9439
2018-04-12,RLM18,1473.4,1483.2,1473.2,1477.9,11.700000000000045,478,9416
2018-04-13,RLM18,1485.6,1485.9,1466.6,1473.4,-4.5,639,9367
2018-04-16,RLM18,1481.9,1489.7,1478,1485.6,12.199999999999818,198,9400
2018-04-17,RLM18,1493.8,1504.6,1493.2,1501.3,15.700000000000045,239,9421
2018-04-18,RLM18,1504.1,1507.2,1499.8,1502.9,1.6000000000001364,459,9431
2018-04-19,RLM18,1497.3,1499.3,1487.5,1493.6,-9.300000000000182,181,9390
2018-04-20,RLM18,1493.2,1493.8,1476.3,1481.1,-12.5,340,9342
2018-04-23,RLM18,1481.6,1488.5,1474.1,1480.8,-0.2999999999999545,334,9355
2018-04-24,RLM18,1486.7,1488.8,1452.1,1461.1,-19.700000000000045,559,9409
2018-04-25,RLM18,1459.1,1467.3,1449.2,1463.5,2.400000000000091,452,9341
2018-04-26,RLM18,1470,1483.5,1466.8,1478.8,15.299999999999955,333,9308
2018-04-27,RLM18,1480.7,1483.4,1473.8,1480.3,1.5,184,9331
2018-04-30,RLM18,1484.9,1486.6,1467.3,1468.2,-12.099999999999909,314,9280
2018-05-01,RLM18,1463,1471.2,1455.6,1471.2,3,430,9267
2018-05-02,RLM18,1468.3,1474.7,1459.1,1461.1,-10.100000000000136,310,9278
2018-05-03,RLM18,1454.2,1461.5,1438.3,1457.5,-3.599999999999909,505,9291
2018-05-04,RLM18,1452.7,1480.8,1449.6,1476.4,18.90000000000009,232,9236
2018-05-07,RLM18,1482.6,1488.3,1478.2,1482.1,5.699999999999818,174,9239
2018-05-08,RLM18,1478.4,1484.6,1473.5,1482,-0.09999999999990905,236,9242
2018-05-09,RLM18,1487.5,1498.5,1483.8,1496.3,14.299999999999955,170,9274
2018-05-10,RLM18,1501.5,1512.1,1500.8,1510.1,13.799999999999955,372,9380
2018-05-11,RLM18,1510.2,1515.6,1507.2,1512.5,2.400000000000091,130,9326
2018-05-14,RLM18,1517.4,1520.5,1511.3,1513.5,1,131,9354
2018-05-15,RLM18,1504.2,1506.1,1498.9,1503.8,-9.700000000000045,317,9273
2018-05-16,RLM18,1505.4,1513.3,1505,1510.1,6.2999999999999545,74,9309
2018-05-17,RLM18,1509.3,1515.8,1504.7,1509.7,-0.3999999999998636,106,9309
2018-05-18,RLM18,1507,1509.3,1503.9,1506.3,-3.400000000000091,132,9258
2018-05-21,RLM18,1517.7,1520.3,1513.2,1516.1,9.799999999999955,108,9284
2018-05-22,RLM18,1520.5,1521.6,1510.8,1512.4,-3.699999999999818,135,9274
2018-05-23,RLM18,1506,1516.2,1504,1515.9,3.5,194,9302
2018-05-24,RLM18,1513,1515.2,1502.4,1513.5,-2.400000000000091,174,9281
2018-05-25,RLM18,1511.2,1513.2,1506.9,1511.1,-2.400000000000091,679,9713
2018-05-29,RLM18,1500.6,1504.6,1486.9,1493.9,-17.199999999999818,886,9789
2018-05-30,RLM18,1502.8,1515.9,1501.9,1513.5,19.59999999999991,150,9852
2018-05-31,RLM18,1509,1512.2,1499.9,1503.1,-10.400000000000091,298,9847
2018-06-01,RLM18,1514.1,1519.7,1512.2,1517.7,14.600000000000136,607,9978
2018-06-04,RLM18,1524,1526.5,1521.5,1525.5,7.7999999999999545,213,10018
2018-06-05,RLM18,1525.2,1528.8,1521.9,1527.2,1.7000000000000455,223,9961
2018-06-06,RLM18,1530.1,1541.3,1526.9,1540.2,13,781,10537
2018-06-07,RLM18,1543.6,1544.7,1533.5,1539.1,-1.1000000000001364,7025,10585
2018-06-08,RLU18,1538.8,1546.1,1537.1,1546.1,7,7865,13960
2018-06-11,RLU18,1548,1552.1,1547,1547,0.900000000000091,2287,14914
2018-06-12,RLU18,1547,1552.7,1546.8,1549.5,2.5,3309,14996
2018-06-13,RLU18,1551.6,1555.6,1544.4,1544.8,-4.7000000000000455,1226,15395
2018-06-14,RLU18,1549.2,1552.3,1545.5,1548.9,4.100000000000136,764,15482
2018-06-15,RLU18,1543.1,1549,1537.7,1547.8,-1.1000000000001364,1148,10495
2018-06-18,RLU18,1537.9,1545,1535.4,1544,-3.7999999999999545,141,10489
2018-06-19,RLU18,1533.9,1539.4,1523.6,1538.6,-5.400000000000091,446,10607
2018-06-20,RLU18,1543.5,1545.5,1539.3,1541.7,3.1000000000001364,226,10608
2018-06-21,RLU18,1538.4,1538.4,1528.1,1531.6,-10.100000000000136,402,10603
2018-06-22,RLU18,1538.3,1538.7,1533.3,1533.6,2,987,10288
2018-06-25,RLU18,1525.9,1527.1,1502.3,1512.5,-21.09999999999991,610,10250
2018-06-26,RLU18,1515.6,1520.1,1510.3,1514.9,2.400000000000091,440,10263
2018-06-27,RLU18,1513.9,1527.3,1500.9,1501.3,-13.600000000000136,989,10367
2018-06-28,RLU18,1501.5,1514.5,1496.4,1510.3,9,290,10349
2018-06-29,RLU18,1518,1525.5,1511.7,1512,1.7000000000000455,511,10391
2018-07-02,RLU18,1501.4,1515.9,1501.1,1515.6,3.599999999999909,306,10371
2018-07-03,RLU18,1520.7,1521.4,1507.7,1508.6,-7,272,10366
2018-07-05,RLU18,1517.8,1522.3,1510.4,1521.9,13.300000000000182,377,10386
2018-07-06,RLU18,1521.6,1537.4,1520.3,1535.6,13.699999999999818,583,10431
2018-07-09,RLU18,1542.2,1549.3,1541.5,1548.9,13.300000000000182,371,10421
2018-07-10,RLU18,1552.5,1555,1549.9,1554.3,5.399999999999864,647,10495
2018-07-11,RLU18,1543.5,1549.5,1541.2,1543,-11.299999999999955,1019,10968
2018-07-12,RLU18,1550.8,1556.1,1546.5,1555.7,12.700000000000045,466,10809
2018-07-13,RLU18,1555,1558.9,1552.1,1556.7,1,300,10765
2018-07-16,RLU18,1557,1557.8,1551.9,1555.4,-1.2999999999999545,267,10850
2018-07-17,RLU18,1553.6,1563.4,1550.5,1561.1,5.699999999999818,187,10650
2018-07-18,RLU18,1560.4,1565.2,1559,1564.9,3.800000000000182,220,10579
2018-07-19,RLU18,1561.2,1562.6,1555.8,1558.9,-6,272,10567
2018-07-20,RLU18,1559.8,1561.7,1555.9,1556.6,-2.300000000000182,164,10567
2018-07-23,RLU18,1555.8,1560.5,1552.7,1558.9,2.300000000000182,264,10628
2018-07-24,RLU18,1567.4,1570.4,1559.3,1563.7,4.7999999999999545,347,10595
2018-07-25,RLU18,1563.6,1579,1563.1,1577.2,13.5,371,10603
2018-07-26,RLU18,1573.1,1578.1,1572.5,1574,-3.2000000000000455,199,10598
2018-07-27,RLU18,1575.9,1576.2,1556.6,1562.7,-11.299999999999955,512,10620
2018-07-30,RLU18,1559.6,1563.5,1549.7,1552.3,-10.400000000000091,650,10472
2018-07-31,RLU18,1555.3,1565,1555.1,1560.8,8.5,460,10380
2018-08-01,RLU18,1563.3,1565.9,1555.1,1559.3,-1.5,451,10301
2018-08-02,RLU18,1551.2,1569.4,1550,1568,8.700000000000045,295,10256
2018-08-03,RLU18,1568.4,1574.7,1568.4,1574.6,6.599999999999909,160,10251
2018-08-06,RLU18,1572.4,1582.3,1572.4,1580.7,6.100000000000136,151,10273
2018-08-07,RLU18,1584.6,1588.3,1584.5,1585.4,4.7000000000000455,69,10284
2018-08-08,RLU18,1585.8,1587.4,1582.3,1584.9,-0.5,96,10302
2018-08-09,RLU18,1585.7,1588.2,1582.3,1583,-1.900000000000091,45,10307
2018-08-10,RLU18,1574.5,1577.7,1568.8,1572.8,-10.200000000000045,666,10172
2018-08-13,RLU18,1575.5,1578.1,1564.8,1566.1,-6.7000000000000455,341,10172
2018-08-14,RLU18,1571.8,1577.7,1569,1576,9.900000000000091,204,10169
2018-08-15,RLU18,1566.4,1568.3,1555.2,1563.4,-12.599999999999909,973,9837
2018-08-16,RLU18,1573.6,1581.7,1572.4,1576.1,12.699999999999818,327,9876
2018-08-17,RLU18,1574.5,1584.2,1572.6,1581.2,5.100000000000136,194,9889
2018-08-20,RLU18,1584.4,1586.9,1581.8,1585.4,4.2000000000000455,109,9907
2018-08-21,RLU18,1588.6,1595.1,1588.5,1590.9,5.5,136,9935
2018-08-22,RLU18,1588.9,1592,1586.1,1589.7,-1.2000000000000455,92,9926
2018-08-23,RLU18,1590.4,1593,1584.8,1586.1,-3.6000000000001364,216,9939
2018-08-24,RLU18,1590.5,1597.2,1590.4,1596,9.900000000000091,191,9935
2018-08-27,RLU18,1604.5,1609.5,1603.1,1608.5,12.5,298,9996
2018-08-28,RLU18,1610.8,1612.1,1606.5,1608.8,0.2999999999999545,156,9996
2018-08-29,RLU18,1610,1619.2,1609.4,1618,9.200000000000045,164,10034
2018-08-30,RLU18,1615.2,1616.5,1607.3,1610.7,-7.2999999999999545,597,10249
2018-08-31,RLU18,1608.5,1613.5,1605.6,1611.9,1.2000000000000455,340,10261
2018-09-04,RLU18,1607.4,1610.7,1602.2,1608.3,-3.6000000000001364,340,10195
2018-09-05,RLU18,1602.3,1605.6,1596.6,1603,-5.2999999999999545,378,10175
2018-09-06,RLU18,1603.6,1605.9,1592,1598,-5,327,10172
2018-09-07,RLU18,1592.7,1600.9,1590.1,1593.8,-4.2000000000000455,421,10163
2018-09-10,RLU18,1600.3,1602,1596.5,1597.7,3.900000000000091,485,9873
2018-09-11,RLU18,1592.5,1605.4,1591.2,1603.3,5.599999999999909,886,10025
2018-09-12,RLU18,1602.9,1606.3,1597.5,1603.5,0.20000000000004547,395,9996
2018-09-13,RLU18,1610.5,1613.4,1607.6,1611.5,8,9575,10587
2018-09-14,RLU18,1613.8,1615,1608.2,1613.1,1.599999999999909,216,10724
2018-09-17,RLZ18,1612.7,1613,1604.8,1606.2,-6.899999999999864,7504,12152
2018-09-18,RLZ18,1609.5,1617.9,1609.5,1615.1,8.899999999999864,1845,13712
2018-09-19,RLZ18,1617.3,1618.1,1614,1615.7,0.6000000000001364,118,13729
2018-09-20,RLZ18,1623.8,1630,1622.6,1627.8,12.099999999999909,158,12921
2018-09-21,RLZ18,1631.9,1633.1,1625.5,1627.2,-0.599999999999909,178,8756
2018-09-24,RLZ18,1621,1622.6,1616.6,1620.8,-6.400000000000091,199,8794
2018-09-25,RLZ18,1622.4,1623.1,1617.8,1618.2,-2.599999999999909,177,8748
2018-09-26,RLZ18,1620.6,1626.8,1611.5,1612.6,-5.600000000000136,346,8732
2018-09-27,RLZ18,1615.5,1624.4,1614.9,1617.6,5,156,8758
2018-09-28,RLZ18,1614.2,1621.3,1612.8,1617.6,0,196,8774
2018-10-01,RLZ18,1628.7,1629.5,1618.4,1621.8,4.2000000000000455,140,8724
2018-10-02,RLZ18,1622,1624.8,1618.1,1620.6,-1.2000000000000455,151,8744
2018-10-03,RLZ18,1626.6,1629.4,1620,1622.2,1.6000000000001364,229,8794
2018-10-04,RLZ18,1617.6,1617.6,1598.3,1607.3,-14.900000000000091,340,8741
2018-10-05,RLZ18,1608,1612,1589,1597.5,-9.799999999999955,193,8734
2018-10-08,RLZ18,1592.7,1599.2,1584.2,1596.7,-0.7999999999999545,193,8734
2018-10-09,RLZ18,1593.5,1602.1,1591.3,1593.9,-2.7999999999999545,228,8770
2018-10-10,RLZ18,1586.7,1587.5,1538.4,1542.5,-51.40000000000009,908,8785
2018-10-11,RLZ18,1539.3,1546.4,1500.6,1510.7,-31.799999999999955,1544,8761
2018-10-12,RLZ18,1530.5,1535.7,1510.2,1531.1,20.399999999999864,628,8777
2018-10-15,RLZ18,1529.2,1536,1521,1523.8,-7.2999999999999545,381,8759
2018-10-16,RLZ18,1534.1,1558.1,1531.2,1556.1,32.299999999999955,606,8727
2018-10-17,RLZ18,1553,1559.2,1540,1554.7,-1.3999999999998636,473,8702
2018-10-18,RLZ18,1545.8,1552.6,1524.7,1531.1,-23.600000000000136,775,8728
2018-10-19,RLZ18,1537.1,1548,1526.3,1530.2,-0.8999999999998636,536,8733
2018-10-22,RLZ18,1535.7,1535.9,1519.8,1523.4,-6.7999999999999545,384,8747
2018-10-23,RLZ18,1500.9,1521.9,1487.1,1515,-8.400000000000091,451,8759
2018-10-24,RLZ18,1514,1515.9,1465.3,1468.5,-46.5,521,8825
2018-10-25,RLZ18,1478.9,1503.4,1473.6,1493.7,25.200000000000045,526,8849
2018-10-26,RLZ18,1470.8,1487,1451.4,1467.2,-26.5,1379,8889
2018-10-29,RLZ18,1486.9,1495.6,1437.9,1458.1,-9.100000000000136,1720,8970
2018-10-30,RLZ18,1457.8,1484,1456.3,1482.1,24,514,8927
2018-10-31,RLZ18,1484,1512.6,1484,1498.9,16.800000000000182,691,8943
2018-11-01,RLZ18,1495.2,1517,1494.9,1516.1,17.199999999999818,242,8924
2018-11-02,RLZ18,1522,1525.3,1494.2,1504.7,-11.399999999999864,502,8922
2018-11-05,RLZ18,1509.5,1517.7,1503.5,1514.8,10.099999999999909,821,8757
2018-11-06,RLZ18,1516.9,1524.3,1514.5,1524.2,9.400000000000091,522,8572
2018-11-07,RLZ18,1536.8,1556.1,1534.3,1555.7,31.5,311,8623
2018-11-08,RLZ18,1551.4,1555.6,1544.8,1550.6,-5.100000000000136,296,8490
2018-11-09,RLZ18,1544.1,1544.1,1526.9,1536.4,-14.199999999999818,473,8539
2018-11-12,RLZ18,1528.2,1528.6,1503.7,1505.7,-30.700000000000045,473,8539
2018-11-13,RLZ18,1513.8,1522.2,1500,1504.5,-1.2000000000000455,638,8576
2018-11-14,RLZ18,1516.2,1518.5,1483.9,1492.4,-12.099999999999909,658,8591
2018-11-15,RLZ18,1482.6,1511.9,1476.1,1508.4,16,745,8605
2018-11-16,RLZ18,1500.9,1518.3,1500.1,1512.3,3.8999999999998636,537,8529
2018-11-19,RLZ18,1502.3,1502.4,1481.2,1485.9,-26.399999999999864,304,8539
2018-11-20,RLZ18,1464.8,1474.7,1454,1460.3,-25.600000000000136,733,8646
2018-11-21,RLZ18,1470.3,1476.6,1464.9,1466,5.7000000000000455,852,8639
2018-11-23,RLZ18,1455.5,1464.6,1455,1456.4,-9.599999999999909,206,8643
2018-11-26,RLZ18,1470.2,1480.2,1468.1,1479.7,23.299999999999955,205,8750
2018-11-27,RLZ18,1475,1483,1469.1,1482.3,2.599999999999909,559,8861
2018-11-28,RLZ18,1489.2,1517.2,1484,1517,34.700000000000045,776,8773
2018-11-29,RLZ18,1512.6,1523,1505.3,1514.3,-2.7000000000000455,525,8752
2018-11-30,RLZ18,1513,1526.7,1511.4,1525.3,11,365,8733
2018-12-03,RLZ18,1546,1548.8,1533.2,1542.5,17.200000000000045,967,8694
2018-12-04,RLZ18,1538,1541.1,1491.1,1492.6,-49.90000000000009,,8745
2018-12-06,RLZ18,1469.5,1490.7,1449.3,1490.4,-2.199999999999818,1080,8675
2018-12-07,RLZ18,1490.9,1498.6,1450.6,1457.3,-33.100000000000136,617,8728
2018-12-10,RLZ18,1456.4,1463.6,1428.6,1458.8,1.5,675,8794
2018-12-11,RLZ18,1472,1478.2,1449,1457.8,-1,459,8787
2018-12-12,RLZ18,1476,1483.8,1463.8,1465.8,8,964,9168
2018-12-13,RLZ18,1465.8,1475,1457,1463.9,-1.8999999999998636,7745,9242
2018-12-14,RLZ18,1450,1455.7,1433.6,1436.5,-27.40000000000009,532,9321
2018-12-17,RLH19,1439,1439,1399.7,1408.5,-28,7129,10245
2018-12-18,RLH19,1420.3,1422.4,1398.8,1408.9,0.40000000000009095,3650,9133
2018-12-19,RLH19,1411.5,1426.4,1376.5,1386.1,-22.800000000000182,1175,9231
2018-12-20,RLH19,1380.4,1386.5,1349.3,1362.8,-23.299999999999955,616,9538
2018-12-21,RLH19,1365.9,1382.1,1331.5,1337.8,-25,166,7567
2018-12-24,RLH19,1313.7,1331,1300.7,1300.9,-36.899999999999864,202,7590
2018-12-26,RLH19,1299.7,1364.6,1298,1364,63.09999999999991,81,7579
2018-12-27,RLH19,1349,1380,1325.3,1375.5,11.5,216,7580
2018-12-28,RLH19,1384,1392.3,1367.2,1374.8,-0.7000000000000455,25,7580
2018-12-31,RLH19,1383.8,1388,1372.3,1384.7,9.900000000000091,261,7644
2019-01-02,RLH19,1366.2,1391.5,1363.7,1386.8,2.099999999999909,375,7557
2019-01-03,RLH19,1374.6,1375.2,1350.2,1351.7,-35.09999999999991,263,7661
2019-01-04,RLH19,1377.1,1402.4,1375.8,1399.1,47.399999999999864,85,7664
2019-01-07,RLH19,1402,1419,1396.5,1409.8,10.700000000000045,69,7654
2019-01-08,RLH19,1425.4,1426,1409.3,1423.6,13.799999999999955,103,7637
2019-01-09,RLH19,1429.3,1436.7,1422.6,1431.4,7.800000000000182,96,7640
2019-01-10,RLH19,1422,1437.9,1418.3,1437.9,6.5,91,7658
2019-01-11,RLH19,1429.2,1437.2,1427.4,1437,-0.900000000000091,53,7654
2019-01-14,RLH19,1429.9,1433.3,1427.3,1430.1,-6.900000000000091,28,7656
2019-01-15,RLH19,1437.1,1445.7,1435,1444.1,14,99,7663
2019-01-16,RLH19,1450.7,1453.3,1446.2,1448.4,4.300000000000182,67,7643
2019-01-17,RLH19,1449.4,1464.6,1443.5,1458.9,10.5,94,7639
2019-01-18,RLH19,1469.4,1480.8,1465.9,1478.1,19.199999999999818,95,7642
2019-01-22,RLH19,1465,1467.1,1448.7,1456.5,-21.59999999999991,170,7664
2019-01-23,RLH19,1466.5,1468.6,1446.1,1460.2,3.7000000000000455,290,7682
2019-01-24,RLH19,1460.1,1465.3,1454.6,1463.1,2.8999999999998636,91,7694
2019-01-25,RLH19,1473.1,1480.1,1472.5,1474.7,11.600000000000136,239,7644
2019-01-28,RLH19,1458.1,1464.7,1454,1463.9,-10.799999999999955,152,7636
2019-01-29,RLH19,1465.3,1468.6,1458.1,1462.9,-1,53,7635
2019-01-30,RLH19,1469.2,1490.3,1467.3,1485,22.09999999999991,217,7602
2019-01-31,RLH19,1488.7,1500.4,1484.3,1499.1,14.099999999999909,380,7859
2019-02-01,RLH19,1498.3,1504.9,1495.1,1500.6,1.5,175,7866
2019-02-04,RLH19,1499.1,1510.4,1496,1509.9,9.300000000000182,104,7864
2019-02-05,RLH19,1515,1518.4,1510.5,1517.5,7.599999999999909,63,7868
2019-02-06,RLH19,1516.3,1517.1,1510.1,1514.2,-3.2999999999999545,126,7900
2019-02-07,RLH19,1503.6,1507.7,1490.1,1500.2,-14,99,7914
2019-02-08,RLH19,1495.3,1502.2,1488,1501.5,1.2999999999999545,73,7892
2019-02-11,RLH19,1505.9,1507.8,1500.5,1504.5,3,136,7964
2019-02-12,RLH19,1519,1524.8,1519,1523.4,18.90000000000009,52,7941
2019-02-13,RLH19,1530.7,1532.3,1525.1,1527.6,4.199999999999818,31,7941
2019-02-14,RLH19,1519.2,1531,1516.4,1524.5,-3.099999999999909,78,7958
2019-02-15,RLH19,1538.3,1540.6,1533.8,1540.5,16,215,8003
2019-02-19,RLH19,1542,1547.2,1536.9,1542.9,2.400000000000091,259,8071
2019-02-20,RLH19,1542.9,1548.3,1539.9,1546.7,3.7999999999999545,308,8120
2019-02-21,RLH19,1541,1543.4,1534.3,1539.4,-7.2999999999999545,249,8060
2019-02-22,RLH19,1546.8,1550.6,1543.9,1549.7,10.299999999999955,34,8065
2019-02-25,RLH19,1557.9,1561.7,1551.6,1552.1,2.3999999999998636,44,8052
2019-02-26,RLH19,1551.7,1555.2,1548.3,1550.5,-1.599999999999909,34,8062
2019-02-27,RLH19,1548.8,1552.4,1541.2,1550.7,0.20000000000004547,120,8139
2019-02-28,RLH19,1548,1551,1545,1545.5,-5.2000000000000455,522,8065
2019-03-01,RLH19,1556.7,1558,1546.9,1556.2,10.700000000000045,67,8085
2019-03-04,RLH19,1559.6,1562.6,1535.2,1549.2,-7,54,8054
2019-03-05,RLH19,1548.2,1550.7,1543.7,1547.8,-1.400000000000091,100,8003
2019-03-06,RLH19,1546.5,1546.6,1535.2,1536.5,-11.299999999999955,122,7992
2019-03-07,RLH19,1532.5,1537.3,1519,1524.4,-12.099999999999909,7766,15564
2019-03-08,RLH19,1510.8,1521.3,1509.6,1521.3,-3.1000000000001364,119,11860
2019-03-11,RLH19,1530.8,1543.4,1530.8,1543.1,21.799999999999955,1354,12476
2019-03-12,RLM19,1549.9,1554.7,1549.3,1550.7,7.600000000000136,7758,10104
2019-03-13,RLM19,1550.8,1567.2,1550.8,1561.4,10.700000000000045,802,10162
2019-03-14,RLM19,1563.2,1563.4,1557.7,1560.2,-1.2000000000000455,142,10201
2019-03-15,RLM19,1563,1572.3,1562.4,1567,6.7999999999999545,108,8103
2019-03-18,RLM19,1571.8,1574.6,1567,1572.9,5.900000000000091,190,7975
2019-03-19,RLM19,1579.5,1583.4,1567.7,1572.4,-0.5,80,7991
2019-03-20,RLM19,1569.1,1578.3,1560.5,1567.9,-4.5,102,7972
2019-03-21,RLM19,1569.2,1587.6,1562.9,1584.2,16.299999999999955,205,8023
2019-03-22,RLM19,1577.6,1579.1,1553.1,1553.3,-30.90000000000009,163,8108
2019-03-25,RLM19,1556.5,1558.6,1544.3,1552.1,-1.2000000000000455,184,8107
2019-03-26,RLM19,1563.8,1569.4,1555.4,1563.6,11.5,207,8269
2019-03-27,RLM19,1562,1567.1,1546.5,1556.5,-7.099999999999909,286,8300
2019-03-28,RLM19,1558.5,1565,1553.3,1562.6,6.099999999999909,178,8302
2019-03-29,RLM19,1560.7,1573.7,1560.7,1572.9,10.300000000000182,778,8899
2019-04-01,RLM19,1584.9,1592.1,1583,1591.5,18.59999999999991,276,9100
2019-04-02,RLM19,1591.7,1593,1586.2,1591.7,0.20000000000004547,168,8871
2019-04-03,RLM19,1597.3,1601.6,1590.8,1594.9,3.2000000000000455,105,8871
2019-04-04,RLM19,1597.3,1599,1590.6,1597.8,2.8999999999998636,59,8860
2019-04-05,RLM19,1599.8,1605.4,1599.8,1605.3,7.5,283,8928
2019-04-08,RLM19,1598.4,1606.5,1598.1,1606.3,1,346,8975
2019-04-09,RLM19,1596.9,1601.7,1594.2,1596.7,-9.599999999999909,46,8979
2019-04-10,RLM19,1599.7,1604,1598,1603,6.2999999999999545,49,8995
2019-04-11,RLM19,1600.9,1605.7,1599.7,1603.7,0.7000000000000455,48,8966
2019-04-12,RLM19,1613.7,1615.3,1608.6,1613.6,9.899999999999864,131,9079
2019-04-15,RLM19,1612.1,1614.2,1607.6,1612.7,-0.8999999999998636,327,9062
2019-04-16,RLM19,1617.5,1617.9,1609.8,1613.1,0.3999999999998636,240,9093
2019-04-17,RLM19,1610.2,1618.6,1605.6,1608.9,-4.199999999999818,93,9110
2019-04-18,RLM19,1610.8,1612,1603,1610.7,1.7999999999999545,122,9037
2019-04-22,RLM19,1608.4,1612.7,1605.6,1612.1,1.3999999999998636,147,9040
2019-04-23,RLM19,1618.3,1627.9,1617.8,1626.7,14.600000000000136,17,9035
2019-04-24,RLM19,1625.6,1628.5,1622.5,1623.4,-3.2999999999999545,95,9071
2019-04-25,RLM19,1619.9,1625.1,1613.9,1621.8,-1.6000000000001364,27,9088
2019-04-26,RLM19,1621.8,1629.3,1617.4,1629,7.2000000000000455,170,9048
2019-04-29,RLM19,1628,1634.8,1628,1631.4,2.400000000000091,369,9114
2019-04-30,RLM19,1628.5,1633.7,1620.9,1633,1.599999999999909,241,9116
2019-05-01,RLM19,1634,1636.9,1620.4,1620.7,-12.299999999999955,166,9112
2019-05-02,RLM19,1618,1624.5,1607.1,1616.9,-3.7999999999999545,186,9159
2019-05-03,RLM19,1626.5,1634.4,1624.5,1633.5,16.59999999999991,331,8983
2019-05-06,RLM19,1611.8,1628.8,1605.2,1626.7,-6.7999999999999545,160,9027
2019-05-07,RLM19,1612.8,1613.6,1587.5,1598.8,-27.90000000000009,68,9029
2019-05-08,RLM19,1595.3,1606.5,1593.2,1596.5,-2.2999999999999545,133,8990
2019-05-09,RLM19,1582.1,1594.2,1572,1592.2,-4.2999999999999545,161,9021
2019-05-10,RLM19,1587.4,1603.1,1566.9,1598.2,6,194,9045
2019-05-13,RLM19,1569.5,1572.5,1552.5,1558.8,-39.40000000000009,292,9040
2019-05-14,RLM19,1565,1580.8,1563,1571.5,12.700000000000045,407,9125
2019-05-15,RLM19,1562.3,1584.9,1561.4,1581,9.5,457,9105
2019-05-16,RLM19,1588.1,1603.9,1562.2,1595.4,14.400000000000091,467,9188
2019-05-17,RLM19,1584.7,1599.9,1583.1,1585.5,-9.900000000000091,814,9236
2019-05-20,RLM19,1571.8,1581.2,1568.7,1574.2,-11.299999999999955,468,9241
2019-05-21,RLM19,1584.9,1590,1582.7,1587.4,13.200000000000045,274,9223
2019-05-22,RLM19,1582.2,1587.4,1579.6,1582.4,-5,362,9252
2019-05-23,RLM19,1564,1565.9,1553.5,1562.8,-19.600000000000136,649,9256
2019-05-24,RLM19,1572.7,1573.9,1562.1,1565.1,2.2999999999999545,490,9367
2019-05-28,RLM19,1570.5,1574,1552.5,1552.9,-12.199999999999818,575,9218
2019-05-29,RLM19,1541,1546.6,1532.3,1542.6,-10.300000000000182,107,9219
2019-05-30,RLM19,1548,1550.4,1537.8,1544.2,1.6000000000001364,47,9201
2019-05-31,RLM19,1524.7,1533.9,1523.6,1525.5,-18.700000000000045,632,9112
2019-06-03,RLM19,1519.2,1531.2,1512.4,1520.7,-4.7999999999999545,444,8963
2019-06-04,RLM19,1536.8,1554.3,1531.8,1554.1,33.399999999999864,141,8927
2019-06-05,RLM19,1559.6,1566.9,1552.1,1566.2,12.100000000000136,37,8928
2019-06-06,RLM19,1567,1580.2,1564.4,1575.5,9.299999999999955,120,8946
2019-06-07,RLM19,1579.1,1597.7,1579.1,1591.7,16.200000000000045,263,8837
2019-06-10,RLM19,1603.6,1609.4,1598.9,1600.1,8.399999999999864,85,8855
2019-06-11,RLM19,1609.7,1612.2,1594.5,1598.4,-1.699999999999818,79,8878
2019-06-12,RLM19,1599.4,1600.1,1592.6,1594.5,-3.900000000000091,46,8863
2019-06-13,RLU19,1603.3,1603.3,1603.3,1603.3,8.799999999999955,9668,9194
2019-06-14,RLU19,1601.3,1605.2,1599,1602,-1.2999999999999545,6313,9539
2019-06-17,RLU19,1610,1610,1601.2,1601.2,-0.7999999999999545,2725,9623
2019-06-18,RLU19,1624.3,1626,1617.1,1618.2,17,758,9618
2019-06-19,RLU19,1618.5,1626.3,1615.2,1623.8,5.599999999999909,126,9624
2019-06-20,RLU19,1639.5,1640.4,1626.1,1639.4,15.600000000000136,115,9641
2019-06-21,RLU19,1635.4,1643,1633.6,1635.9,-3.5,127,8412
2019-06-24,RLU19,1637.1,1637.7,1631.5,1632.2,-3.7000000000000455,109,8427
2019-06-25,RLU19,1628.7,1629.7,1615.2,1616.9,-15.299999999999955,66,8450
2019-06-26,RLU19,1624.5,1625,1613.9,1614.9,-2,52,8455
2019-06-27,RLU19,1620.3,1623.7,1617.9,1621.9,7,56,8438
2019-06-28,RLU19,1625.5,1638,1624.8,1630.4,8.5,288,8402
2019-07-01,RLU19,1650.9,1651.3,1637.2,1642.6,12.199999999999818,173,8398
2019-07-02,RLU19,1641.3,1649,1639,1647.3,4.7000000000000455,51,8404
2019-07-03,RLU19,1652.9,1660.8,1651.9,1660.7,13.400000000000091,20,8401
2019-07-05,RLU19,1652.5,1659.9,1645.5,1658.1,-2.6000000000001364,31,8400
2019-07-08,RLU19,1648.8,1652.8,1646.4,1649.6,-8.5,45,8386
2019-07-09,RLU19,1646.4,1654.2,1643,1653.2,3.6000000000001364,151,8424
2019-07-10,RLU19,1660.5,1665.4,1655.3,1659.5,6.2999999999999545,224,8610
2019-07-11,RLU19,1663.6,1664.7,1657.1,1662.6,3.099999999999909,68,8591
2019-07-12,RLU19,1666.6,1671.2,1666.3,1671.1,8.5,9,8590
2019-07-15,RLU19,1669.3,1672.2,1668.2,1670.5,-0.599999999999909,78,8602
2019-07-16,RLU19,1668.6,1671.5,1663.9,1665.9,-4.599999999999909,56,8616
2019-07-17,RLU19,1659,1666.2,1653.9,1655.6,-10.300000000000182,145,8606
2019-07-18,RLU19,1652.7,1662.8,1649.3,1660.6,5,12,8606
2019-07-19,RLU19,1665.2,1666.8,1650.4,1651.1,-9.5,159,8607
2019-07-22,RLU19,1654.3,1658.1,1650.8,1654.7,3.6000000000001364,30,8608
2019-07-23,RLU19,1659.6,1666.2,1656.6,1665.7,11,96,8614
2019-07-24,RLU19,1666.6,1675,1662.4,1675,9.299999999999955,36,8634
2019-07-25,RLU19,1668,1671.4,1661.8,1665.4,-9.599999999999909,86,8635
2019-07-26,RLU19,1673.3,1678.8,1671.7,1677.9,12.5,14,8647
2019-07-29,RLU19,1674.5,1675,1670.1,1674.2,-3.7000000000000455,1,8647
2019-07-30,RLU19,1664.2,1673.1,1663.5,1670,-4.2000000000000455,144,8582
2019-07-31,RLU19,1671.5,1673.3,1640.5,1653.5,-16.5,411,8435
2019-08-01,RLU19,1653.8,1670.5,1632.8,1638,-15.5,248,8424
2019-08-02,RLU19,1626.1,1630.7,1614.3,1623.8,-14.200000000000045,58,8434
2019-08-05,RLU19,1595.4,1597,1562.8,1576,-47.799999999999955,163,8407
2019-08-06,RLU19,1589.1,1597.4,1577.4,1595.9,19.90000000000009,114,8396
2019-08-07,RLU19,1575.3,1602.4,1565.7,1599,3.099999999999909,222,8378
2019-08-08,RLU19,1606.9,1629.9,1603.9,1628.1,29.09999999999991,142,8415
2019-08-09,RLU19,1620.6,1624.8,1607.4,1618,-10.099999999999909,188,8366
2019-08-12,RLU19,1605.4,1610.5,1591.5,1597.7,-20.299999999999955,78,8381
2019-08-13,RLU19,1601.7,1630,1593.5,1620.1,22.399999999999864,103,8359
2019-08-14,RLU19,1596.7,1599.3,1572.1,1573.8,-46.299999999999955,188,8393
2019-08-15,RLU19,1579.5,1581.9,1564.5,1576.2,2.400000000000091,225,8396
2019-08-16,RLU19,1589.5,1602.5,1588.2,1599.6,23.399999999999864,146,8360
2019-08-19,RLU19,1616.6,1622.7,1613.9,1618.9,19.300000000000182,30,8346
2019-08-20,RLU19,1611.7,1618.5,1606,1606.3,-12.600000000000136,57,8342
2019-08-21,RLU19,1620.6,1621.8,1616.5,1619.3,13,41,8321
2019-08-22,RLU19,1625.8,1627.3,1608.1,1618.5,-0.7999999999999545,180,8308
2019-08-23,RLU19,1614.1,1621,1570.2,1576,-42.5,187,8335
2019-08-26,RLU19,1591.2,1594.5,1581.6,1591.7,15.700000000000045,208,8327
2019-08-27,RLU19,1602.7,1604.7,1582.8,1588.9,-2.7999999999999545,99,8335
2019-08-28,RLU19,1584,1598.6,1578.3,1597.2,8.299999999999955,106,8286
2019-08-29,RLU19,1615.2,1621,1607.5,1617.4,20.200000000000045,75,8290
2019-08-30,RLU19,1627.2,1627.2,1611.2,1619.2,1.7999999999999545,393,8200
2019-09-03,RLU19,1611.8,1612.1,1599.8,1606.8,-12.400000000000091,378,8157
2019-09-04,RLU19,1624.3,1625.1,1615.9,1624.6,17.799999999999955,99,8122
2019-09-05,RLU19,1641.3,1650.6,1640.8,1645.2,20.600000000000136,48,8092
2019-09-06,RLU19,1649.2,1651,1643.8,1647.1,1.8999999999998636,41,8091
2019-09-09,RLU19,1649,1652.4,1640.7,1646.6,-0.5,319,8359
2019-09-10,RLU19,1636.4,1646.6,1634.1,1645.8,-0.7999999999999545,456,8729
2019-09-11,RLU19,1649.2,1658.8,1644.8,1658.6,12.799999999999955,280,8727
2019-09-12,RLU19,1659,1669.6,1659,1663.2,4.600000000000136,7053,8691
2019-09-13,RLZ19,1663.9,1668.5,1661.6,1663.9,0.7000000000000455,2685,8799
2019-09-16,RLZ19,1660,1660.4,1656,1659.4,-4.5,8076,9633
2019-09-17,RLZ19,1659.9,1663.4,1657.6,1663.3,3.8999999999998636,987,10122
2019-09-18,RLZ19,1659.4,1665,1647.9,1663.8,0.5,464,9819
2019-09-19,RLZ19,1662.3,1672,1662.3,1664.6,0.7999999999999545,483,9744
2019-09-20,RLZ19,1667.9,1669.7,1651.3,1655.5,-9.099999999999909,629,8420
2019-09-23,RLZ19,1652.7,1659.1,1650.8,1655.2,-0.2999999999999545,51,8424
2019-09-24,RLZ19,1662.9,1663.5,1635.3,1639.8,-15.400000000000091,103,8406
2019-09-25,RLZ19,1638,1653.1,1632.2,1650.7,10.900000000000091,162,8378
2019-09-26,RLZ19,1645.2,1650.9,1638.4,1645.8,-4.900000000000091,85,8372
2019-09-27,RLZ19,1649.3,1650.4,1627.6,1636.3,-9.5,91,8333
2019-09-30,RLZ19,1640.1,1648.4,1640.1,1646.1,9.799999999999955,265,8353
2019-10-01,RLZ19,1651.6,1653.5,1623.3,1624,-22.09999999999991,200,8345
2019-10-02,RLZ19,1612,1612,1588.4,1595.6,-28.40000000000009,142,8299
2019-10-03,RLZ19,1597,1609,1578.6,1608.3,12.700000000000045,246,8343
2019-10-04,RLZ19,1617.2,1631.9,1614.3,1631.1,22.799999999999955,115,8367
2019-10-07,RLZ19,1626.5,1635.2,1621.7,1624.7,-6.399999999999864,153,8416
2019-10-08,RLZ19,1607.3,1615.7,1597.9,1598.5,-26.200000000000045,83,8431
2019-10-09,RLZ19,1609.9,1618.3,1606.5,1612.3,13.799999999999955,89,8427
2019-10-10,RLZ19,1621.1,1628,1616.8,1622,9.700000000000045,103,8423
2019-10-11,RLZ19,1642.1,1653.3,1639.3,1640.7,18.700000000000045,75,8274
2019-10-14,RLZ19,1637.1,1641.2,1637.1,1638.7,-2,75,8274
2019-10-15,RLZ19,1652.1,1658.4,1651.7,1654.7,16,36,8274
2019-10-16,RLZ19,1650.4,1654.5,1647.4,1650.6,-4.100000000000136,140,8244
2019-10-17,RLZ19,1656.1,1660.4,1651.4,1655,4.400000000000091,177,8191
2019-10-18,RLZ19,1653.8,1655.6,1641.9,1649.3,-5.7000000000000455,41,8174
2019-10-21,RLZ19,1656.7,1660,1649.3,1659.6,10.299999999999955,61,8131
2019-10-22,RLZ19,1660.7,1662.9,1652.6,1653,-6.599999999999909,58,8103
2019-10-23,RLZ19,1652.3,1658,1651.1,1657.4,4.400000000000091,31,8117
2019-10-24,RLZ19,1659.7,1662.5,1655.7,1661.3,3.8999999999998636,31,8106
2019-10-25,RLZ19,1657.7,1671.2,1657.7,1668.8,7.5,100,8077
2019-10-28,RLZ19,1679.2,1680.8,1676.6,1678.3,9.5,43,8076
2019-10-29,RLZ19,1681.2,1682.4,1675.4,1676.9,-1.3999999999998636,20,8076
2019-10-30,RLZ19,1675,1683.6,1670.7,1681.8,4.899999999999864,26,8074
2019-10-31,RLZ19,1672.2,1676.4,1668.1,1675.7,-6.099999999999909,499,8094
2019-11-01,RLZ19,1685.9,1693,1685.9,1692.6,16.899999999999864,548,7911
2019-11-04,RLZ19,1700.4,1701.9,1696.9,1698.4,5.800000000000182,263,7992
2019-11-05,RLZ19,1696.9,1702.1,1695.4,1697.3,-1.1000000000001364,41,7895
2019-11-06,RLZ19,1695.1,1699.4,1691.4,1697.1,-0.20000000000004547,158,7877
2019-11-07,RLZ19,1707.8,1709.6,1700.1,1702.6,5.5,121,7863
2019-11-08,RLZ19,1700.2,1707.2,1696.8,1706.8,4.2000000000000455,16,7821
2019-11-11,RLZ19,1702.9,1705.2,1702.7,1704.6,-2.2000000000000455,16,7821
2019-11-12,RLZ19,1708.3,1713.7,1703.7,1708.3,3.7000000000000455,556,8089
2019-11-13,RLZ19,1703.8,1711.1,1701.5,1708.5,0.20000000000004547,228,8138
2019-11-14,RLZ19,1708,1711.3,1703.5,1710.7,2.2000000000000455,52,8135
2019-11-15,RLZ19,1715.5,1723.5,1715.5,1723,12.299999999999955,180,8166
2019-11-18,RLZ19,1720.6,1726.1,1719.6,1725,2,78,8135
2019-11-19,RLZ19,1728.5,1728.5,1720.6,1725,0,42,8125
2019-11-20,RLZ19,1722.6,1724.8,1709.4,1718.4,-6.599999999999909,120,8141
2019-11-21,RLZ19,1717.5,1718.9,1711.5,1716.1,-2.300000000000182,75,8194
2019-11-22,RLZ19,1721.2,1721.2,1713.2,1719.5,3.400000000000091,50,8233
2019-11-25,RLZ19,1726.4,1733,1724.5,1733,13.5,135,8206
2019-11-26,RLZ19,1734.1,1738.5,1732.5,1737,4,42,8182
2019-11-27,RLZ19,1741.5,1744.9,1738.9,1744.8,7.7999999999999545,246,8210
2019-11-29,RLZ19,1741.3,1742.1,1736.4,1738,-6.7999999999999545,77,8177
2019-12-02,RLZ19,1733.4,1733.9,1720.1,1722,-16,1986,8160
2019-12-03,RLZ19,1715.9,1715.9,1698.1,1710.5,-11.5,89,8185
2019-12-04,RLZ19,1721.9,1724.8,1720.7,1720.8,10.299999999999955,54,8169
2019-12-05,RLZ19,1723.2,1725.1,1716.2,1723.1,2.2999999999999545,47,8145
2019-12-06,RLZ19,1736.8,1741.5,1735.6,1739,15.900000000000091,28,8140
2019-12-09,RLZ19,1738.5,1740.2,1732.9,1733.5,-5.5,30,8147
2019-12-10,RLZ19,1733.8,1736.6,1728,1731.3,-2.2000000000000455,23,8137
2019-12-11,RLZ19,1733.5,1736.9,1731.1,1736.2,4.900000000000091,156,8132
2019-12-12,RLH20,1732.1,1752,1732.1,1751.3,15.099999999999909,7617,8255
2019-12-13,RLH20,1752.5,1757.2,1745.2,1752.5,1.2000000000000455,4280,10373
2019-12-16,RLH20,1764.9,1768.4,1763.8,1764.9,12.400000000000091,798,10037
2019-12-17,RLH20,1767,1767.6,1764.6,1765.5,0.599999999999909,2945,9721
2019-12-18,RLH20,1770.6,1770.6,1765.4,1766,0.5,386,9767
2019-12-19,RLH20,1767.4,1773,1767,1773,7,654,10301
2019-12-20,RLH20,1779.3,1783.7,1779,1780.6,7.599999999999909,316,7930
2019-12-23,RLH20,1783,1784.1,1781.3,1781.8,1.2000000000000455,113,7981
2019-12-24,RLH20,1780.8,1782.2,1780.5,1782.1,0.2999999999999545,3,7978
2019-12-26,RLH20,1787.1,1790.3,1785.8,1790.1,8,21,7978
2019-12-27,RLH20,1790.2,1793.8,1786.9,1790.3,0.20000000000004547,113,8047
2019-12-30,RLH20,1788.3,1788.3,1777.2,1779.8,-10.5,92,8054
2019-12-31,RLH20,1777.6,1785.3,1776.4,1784.9,5.100000000000136,515,7950
2020-01-02,RLH20,1795,1798.6,1787,1797.6,12.699999999999818,163,7943
2020-01-03,RLH20,1778.1,1793,1776.4,1788.5,-9.099999999999909,477,7717
2020-01-06,RLH20,1779.8,1794,1777.4,1793.6,5.099999999999909,333,7560
2020-01-07,RLH20,1791.7,1793.6,1786.2,1789.4,-4.199999999999818,222,7668
2020-01-08,RLH20,1773.7,1805.4,1773.7,1797.4,8,137,7623
2020-01-09,RLH20,1805.8,1810.5,1804,1809.6,12.199999999999818,183,7595
2020-01-10,RLH20,1809.9,1814.6,1802.6,1805.2,-4.399999999999864,21,7595
2020-01-13,RLH20,1808.8,1817.7,1806.7,1817.7,12.5,173,7465
2020-01-14,RLH20,1813,1822.3,1812.9,1816.2,-1.5,38,7466
2020-01-15,RLH20,1821.9,1825,1814.8,1819.1,2.8999999999998636,39,7473
2020-01-16,RLH20,1828.5,1834.5,1826.6,1834.4,15.300000000000182,36,7463
2020-01-17,RLH20,1837.5,1840.4,1835.1,1839.8,5.399999999999864,15,7471
2020-01-21,RLH20,1834.9,1840.7,1833.5,1835.4,-4.399999999999864,20,7462
2020-01-22,RLH20,1842.3,1845.7,1835.4,1836.8,1.3999999999998636,55,7461
2020-01-23,RLH20,1826.1,1839.4,1825.5,1838.6,1.7999999999999545,40,7454
2020-01-24,RLH20,1844,1844,1813.9,1822.6,-16,51,7443
2020-01-27,RLH20,1794.4,1801.4,1791.7,1794.5,-28.09999999999991,109,7429
2020-01-28,RLH20,1801.8,1816.7,1799,1811.9,17.40000000000009,21,7427
2020-01-29,RLH20,1819.8,1820.8,1809.3,1810.1,-1.800000000000182,67,7479
2020-01-30,RLH20,1803.2,1819.4,1793.4,1816.1,6,65,7469
2020-01-31,RLH20,1800.3,1800.7,1777.9,1784.9,-31.199999999999818,156,7483
2020-02-03,RLH20,1794.9,1807.5,1794.9,1798.5,13.599999999999909,57,7448
2020-02-04,RLH20,1823.3,1831.3,1818.4,1825.8,27.299999999999955,61,7461
2020-02-05,RLH20,1839.2,1845.2,1833.1,1843.1,17.299999999999955,206,7443
2020-02-06,RLH20,1846,1850.7,1843.7,1849.5,6.400000000000091,34,7426
2020-02-07,RLH20,1840.2,1846.9,1836.3,1839.7,-9.799999999999955,46,7419
2020-02-10,RLH20,1844.6,1853,1835.6,1852.4,12.700000000000045,34,7429
2020-02-11,RLH20,1864,1866.4,1854.3,1856.4,4,20,7414
2020-02-12,RLH20,1866.9,1870,1863.3,1869.1,12.699999999999818,1593,8994
2020-02-13,RLH20,1863.7,1872.9,1859.4,1866.8,-2.2999999999999545,1624,7407
2020-02-14,RLH20,1865.7,1871.3,1863.1,1870.6,3.7999999999999545,28,7399
2020-02-18,RLH20,1865.6,1868.7,1858.4,1866.6,-4,416,7648
2020-02-19,RLH20,1874.1,1879.9,1873.4,1875.9,9.300000000000182,105,7739
2020-02-20,RLH20,1877.5,1877.7,1850.5,1868.7,-7.2000000000000455,26,7742
2020-02-21,RLH20,1852.6,1856.7,1844.6,1849.1,-19.600000000000136,62,7744
2020-02-24,RLH20,1801.5,1805.8,1781.4,1788.1,-61,322,7599
2020-02-25,RLH20,1794,1798.6,1728.2,1734.1,-54,216,7620
2020-02-26,RLH20,1739.8,1761.7,1720.6,1725.2,-8.899999999999864,252,7615
2020-02-27,RLH20,1688,1713.7,1647.6,1650.6,-74.60000000000014,1032,7718
2020-02-28,RLH20,1603.1,1653.8,1580.8,1636.2,-14.399999999999864,1272,7844
2020-03-02,RLH20,1657.2,1708.3,1615.5,1707.3,71.09999999999991,753,8038
2020-03-03,RLH20,1703,1732.7,1645.4,1661.9,-45.399999999999864,482,8041
2020-03-04,RLH20,1684.7,1729.1,1677.7,1729,67.09999999999991,536,8087
2020-03-05,RLH20,1688.3,1703.2,1657.9,1673.3,-55.700000000000045,999,8203
2020-03-06,RLH20,1621.1,1648,1602.8,1640.7,-32.59999999999991,986,8248
2020-03-09,RLH20,1540.6,1566.4,1506,1518.2,-122.5,1126,8777
2020-03-10,RLH20,1564.3,1587.8,1506.7,1585.7,67.5,329,8754
2020-03-11,RLH20,1541.5,1542.9,1489.4,1507.6,-78.10000000000014,833,8794
2020-03-12,RLH20,1420,1457.8,1352.6,1363.4,-144.19999999999982,191,8793
2020-03-13,RLH20,1440.9,1484.4,1368.6,1484.3,120.89999999999986,787,8879
2020-03-16,RLM20,1337.3,1343.2,1302.4,1305.4,-178.89999999999986,16091,12791
2020-03-17,RLM20,1362,1382.1,1355.7,1382.1,76.69999999999982,2589,11722
2020-03-18,RLM20,1307.4,1307.4,1307.4,1307.4,-74.69999999999982,530,11208
2020-03-19,RLM20,1317.5,1317.5,1317.5,1317.5,10.099999999999909,271,11104
2020-03-20,RLM20,1320,1326.4,1250.7,1261.5,-56,535,8656
2020-03-23,RLM20,1220.7,1246.5,1196.9,1220.1,-41.40000000000009,38,8390
2020-03-24,RLM20,1324.7,1333.9,1288.7,1333.9,113.80000000000018,22,8301
2020-03-25,RLM20,1388,1403.1,1317.5,1349.4,15.5,13,8300
2020-03-26,RLM20,1400,1439.2,1396.9,1436.8,87.39999999999986,30,8306
2020-03-27,RLM20,1384.5,1427.5,1377.5,1387.9,-48.899999999999864,4,8306
2020-03-30,RLM20,1402.1,1435.4,1383.9,1433.3,45.399999999999864,35,8314
2020-03-31,RLM20,1429.5,1440.6,1402.6,1408.3,-25,117,8297
2020-04-01,RLM20,1349.3,1359.2,1334.8,1347,-61.299999999999955,32,8308
2020-04-02,RLM20,1355.2,1380.6,1338.4,1376,29,93,8397
2020-04-03,RLM20,1355.2,1380.9,1339.3,1353.8,-22.200000000000045,61,8383
2020-04-06,RLM20,1420.7,1457,1413.5,1448.9,95.10000000000014,46,8374
2020-04-07,RLM20,1483,1502.4,1443.2,1448.2,-0.7000000000000455,910,7965
2020-04-08,RLM20,1463.8,1506.2,1452,1499.3,51.09999999999991,349,7759
2020-04-09,RLM20,1530.9,1540.6,1509.6,1524.9,25.600000000000136,290,7850
2020-04-13,RLM20,1495.4,1513,1486.7,1510,-14.900000000000091,26,7844
2020-04-14,RLM20,1549.6,1557.4,1535,1554.9,44.90000000000009,2,7843
2020-04-15,RLM20,1520.3,1521.4,1509,1519.9,-35,14,7837
2020-04-16,RLM20,1518.7,1531.8,1509.7,1528.6,8.699999999999818,14,7833
2020-04-17,RLM20,1555.6,1573.2,1547.5,1570.2,41.600000000000136,9,7829
2020-04-20,RLM20,1556.2,1568.3,1542,1544.6,-25.600000000000136,10,7823
2020-04-21,RLM20,1516.6,1522.6,1490.7,1497.6,-47,9,7821
2020-04-22,RLM20,1530.4,1537.9,1528.5,1529.7,32.100000000000136,1,7820
2020-04-23,RLM20,1551.3,1555.3,1527.8,1530.4,0.7000000000000455,14,7811
2020-04-24,RLM20,1529.4,1554.9,1526.8,1550.5,20.09999999999991,83,7801
2020-04-27,RLM20,1561.9,1582.3,1561.3,1577.5,27,100,7793
2020-04-28,RLM20,1572.3,1599.9,1568.7,1569.7,-7.7999999999999545,5,7796
2020-04-29,RLM20,1617.8,1622.1,1613.6,1614.7,45,5,7791
2020-04-30,RLM20,1606.5,1607.4,1587.8,1598,-16.700000000000045,33,7789
2020-05-01,RLM20,1563.6,1569.4,1545.9,1551.2,-46.799999999999955,45,7797
2020-05-04,RLM20,1541,1559.6,1534.3,1559.6,8.399999999999864,8,7797
2020-05-05,RLM20,1575.1,1589.9,1573.4,1573.6,14,9,7801
2020-05-06,RLM20,1570.9,1585.2,1562.4,1564.4,-9.199999999999818,19,7795
2020-05-07,RLM20,1583.6,1594.8,1581,1582.7,18.299999999999955,336,7657
2020-05-08,RLM20,1602.9,1613.1,1600.2,1611.1,28.399999999999864,572,8195
2020-05-11,RLM20,1596.2,1619.6,1596.2,1611.7,0.6000000000001364,230,8176
2020-05-12,RLM20,1609.5,1619.7,1577.9,1580,-31.700000000000045,59,8187
2020-05-13,RLM20,1575,1579.7,1533.9,1549.6,-30.40000000000009,83,8163
2020-05-14,RLM20,1518.3,1569.1,1518,1566.1,16.5,6,8164
2020-05-15,RLM20,1558.3,1574.3,1548.3,1574.3,8.200000000000045,34,8189
2020-05-18,RLM20,1615.1,1632.4,1613.5,1625,50.700000000000045,14,8189
2020-05-19,RLM20,1626.5,1631.8,1608.7,1609.3,-15.700000000000045,171,8194
2020-05-20,RLM20,1633.6,1641,1630.3,1636.3,27,18,8194
2020-05-21,RLM20,1629.3,1640.3,1618.5,1625.8,-10.5,28,8194
2020-05-22,RLM20,1620.5,1630.3,1617.6,1630.2,4.400000000000091,5,8193
2020-05-26,RLM20,1662.4,1665.3,1649.5,1650.3,20.09999999999991,50,8169
2020-05-27,RLM20,1645.8,1675.4,1637.9,1674.8,24.5,45,8194
2020-05-28,RLM20,1675.2,1693.6,1668.5,1672.5,-2.2999999999999545,15,8194
2020-05-29,RLM20,1665.2,1682.5,1654.7,1680.9,8.400000000000091,157,8134
2020-06-01,RLM20,1679.7,1692.5,1674.4,1689.1,8.199999999999818,42,8104
2020-06-02,RLM20,1692.7,1702.6,1686.7,1702.4,13.300000000000182,37,8127
2020-06-03,RLM20,1716,1731.9,1714.3,1727.1,24.699999999999818,57,8096
2020-06-04,RLM20,1718.3,1731.1,1709.7,1721.2,-5.899999999999864,25,8096
2020-06-05,RLM20,1759.4,1777.3,1759.4,1765.5,44.299999999999955,94,8063
2020-06-08,RLM20,1773.5,1790.1,1769.5,1789,23.5,54,8089
2020-06-09,RLM20,1781.3,1782.7,1766.6,1774.8,-14.200000000000045,60,8036
2020-06-10,RLM20,1771.2,1781.9,1758.6,1764.8,-10,793,8589
2020-06-11,RLM20,1719,1722.8,1657.8,1660,-104.79999999999995,112,8586
2020-06-12,RLM20,1702.2,1708.7,1649.6,1682.7,22.700000000000045,377,8707
2020-06-15,RLU20,1636.7,1698.7,1636.1,1691.8,9.099999999999909,10216,8914
2020-06-16,RLU20,1732.2,1740.7,1698.5,1723.6,31.799999999999955,6583,10697
2020-06-17,RLU20,1726.2,1736.4,1715.9,1719.8,-3.7999999999999545,201,10774
2020-06-18,RLU20,1719.2,1723,1709.6,1720.5,0.7000000000000455,32,10764
2020-06-19,RLU20,1732.3,1739,1696.8,1712.1,-8.400000000000091,63,7643
2020-06-22,RLU20,1707.1,1723.2,1700.3,1721.9,9.800000000000182,23,7633
2020-06-23,RLU20,1736.3,1741.5,1726.5,1728.6,6.699999999999818,4,7630
2020-06-24,RLU20,1717.2,1719.5,1672.5,1681.9,-46.69999999999982,1334,8298
2020-06-25,RLU20,1671.9,1703.5,1668.2,1702.4,20.5,664,7730
2020-06-26,RLU20,1680.8,1680.8,1659.5,1661,-41.40000000000009,258,7959
2020-06-29,RLU20,1671,1687.1,1655.4,1684.4,23.40000000000009,25,7948
2020-06-30,RLU20,1688.9,1717.8,1686,1712.2,27.799999999999955,104,7924
2020-07-01,RLU20,1712.5,1727.9,1712.4,1721.1,8.899999999999864,111,7997
2020-07-02,RLU20,1741.2,1750,1727.1,1730,8.900000000000091,32,7949
2020-07-06,RLU20,1758.8,1759.3,1749.4,1757.4,27.40000000000009,28,7949
2020-07-07,RLU20,1748.7,1760.8,1738.2,1738.3,-19.100000000000136,16,7954
2020-07-08,RLU20,1752,1754.6,1735.5,1753.9,15.600000000000136,81,7954
2020-07-09,RLU20,1728.2,1759.1,1724.2,1744.3,-9.600000000000136,105,8004
2020-07-10,RLU20,1740.7,1764.8,1736.1,1764.6,20.299999999999955,157,8053
2020-07-13,RLU20,1776.3,1791.1,1740.6,1743.2,-21.399999999999864,32,8047
2020-07-14,RLU20,1740,1768.1,1728.4,1767.2,24,26,8030
2020-07-15,RLU20,1781,1789.6,1769.2,1785.1,17.899999999999864,10,8028
2020-07-16,RLU20,1772.5,1781,1769.1,1777.8,-7.2999999999999545,16,8025
2020-07-17,RLU20,1779.9,1788.9,1773.5,1784.5,6.7000000000000455,11,8021
2020-07-20,RLU20,1777,1804.6,1777,1801.1,16.59999999999991,9,8020
2020-07-21,RLU20,1811.6,1814.7,1798.7,1803.1,2,12,8020
2020-07-22,RLU20,1809.1,1815.6,1802.3,1814.5,11.400000000000091,21,8020
2020-07-23,RLU20,1810.9,1817.4,1784.2,1792.6,-21.90000000000009,44,8045
2020-07-24,RLU20,1784.8,1786.8,1770.9,1779.4,-13.199999999999818,15,8050
2020-07-27,RLU20,1789.2,1794.4,1789.2,1794.4,15,7,8050
2020-07-28,RLU20,1789.3,1796.5,1781,1782.7,-11.700000000000045,24,8057
2020-07-29,RLU20,1791.4,1808.9,1789.9,1805.9,23.200000000000045,11,8057
2020-07-30,RLU20,1799.3,1804.6,1776.7,1799.7,-6.2000000000000455,11,
2020-07-31,RLU20,1807.4,1807.4,1807.4,1807.4,7.7000000000000455,,
Downloaded from Barchart.com as of 07-31-2020 08:36am CDT